id,category,genre
578080,"1,49,36,15,41,42","1,25,37,29"
550,"2,1,49,36,9,38,22,28,29,13,30,23,8,15,16,14,41,42,43,44",1
218620,"2,1,9,38,22,28,29,35,23,41,42,43","1,3"
4000,"2,1,49,36,47,9,38,48,27,22,29,13,30,23,8,17,42","23,28"
240,"1,27,22,23,8,15,16",1
72850,"2,22,29,30,18,23",3
105600,"2,1,49,36,9,38,22,28,29,23,41,42,43","1,25,23,3"
620,"2,1,9,38,39,24,22,28,29,13,51,30,23,15,17,14,41,42,43,44","1,25"
8930,"2,1,22,29,23,42",2
49520,"2,1,9,22,28,29,23,41,42,43","1,3"
400,"2,22,13,18,17,16,14,41,42,44",1
252490,"1,20,49,36,9,38,27,22,29,30,35,8,15,42","1,25,23,29,3"
346110,"2,1,20,9,22,28,30,23,8,17,42","1,25,23,29,3"
220,"2,22,29,13,18,23,16,41,42,44",1
219640,"1,22,28,29,30,8,17,43","1,23"
1250,"2,1,9,27,22,29,30,8,15,17",1
113200,"2,22,29","1,25,23,3"
377160,"2,22,28,23,41,42,43",3
107410,"2,1,49,36,47,9,38,48,22,29,13,30,18,25,17","1,28,2"
255710,"2,22,29,30,18,23,17,42","28,2"
222880,"1,9,27,22,28,29,30,8,17","1,23,2"
227300,"2,1,9,38,22,29,30,18,23,17,41,42,44","23,28"
221380,"2,1,22,29,13,30,23,15,25,17",2
381210,"1,49,36,9,38,27,22,28,29,23,41,42,43",1
204360,"2,1,49,36,37,9,38,39,24,27,22,28,29,23,25,41,42,43,44","1,25,4,23,3"
242760,"2,1,9,38,48,18,23","1,25,23,28"
203160,"2,1,22,28,29,23,41,42,43","1,25"
292030,"2,22,28,29,23,42,43",3
431960,"22,29,51,30,17","4,23,51,53,55,57"
206420,"2,1,9,22,28,29,30,23,43","1,25"
10180,"2,1,9,22,23,8",1
22380,"2,22,18,25,41,42","1,3"
55230,"2,1,9,22,29,18,23,41,42",1
42910,"2,1,9,24,22,28,29,25,41,42,43,44","1,3"
200710,"2,1,9,27,22,29,30,23","1,25,23,3"
24240,"2,1,9,22,29,23,15",1
413150,"2,1,9,38,48,39,24,22,28,29,23,41,42,44","23,3,28"
231430,"2,1,49,36,9,38,22,29,30,23,15",2
500,"2,1,9,22,28,13,23,8,15,25,16,14,43,44",1
20920,"2,22,29,18,23,25",3
8870,"2,22,28,29,23,42,43",1
33930,"2,1,49,36,9,38,13,18,17","1,28,2"
104900,"2,1,49,36,9,38,22,28,29,30,8,15,25,17,44","1,25,23,3"
300,"1,27,22,29,8,15,16",1
489830,"2,22,18,23,41,42",3
211820,"2,1,49,36,9,38,27,22,29,30","1,25,4,23,3"
48700,"2,1,22,29,30","1,3"
244850,"2,1,49,36,9,22,30,18,23,17","1,23,28,2"
251570,"2,1,49,36,47,9,38,48,27,22,28,29,17,42,43","1,25,23,3,28,2,70"
8190,"2,22,28,23,43","1,25"
8980,"2,1,9,22,18,23","1,3"
265930,"2,1,24,22,28,29,30,23,25,17,43,44","4,23,28"
232090,"2,1,49,36,9,38,22,28,29,30,35,8,17,42,43",1
380,"2,22,13,18,23,15,16,14,44",1
42700,"2,1,9,22,18,8",1
205100,"2,22,28,23,42,43","1,25"
289070,"2,1,49,36,47,37,24,27,22,29,30,32,42,44",2
238460,"2,1,49,36,37,9,38,39,24,22,28,29,30,23,15,25,17,41,42,43,44","1,25,4,23"
391540,"2,29,41,42","23,3"
35450,"1,49,36,22,29,30,8,15,17","1,29,28"
10500,"2,1,49,36,47,9,38,48,22,29,15",2
239140,"2,1,49,36,9,38,22,28,29,30,23,8,17,42,43","1,3"
214950,"2,1,49,36,47,9,38,48,29,23",2
374320,"2,1,9,22,28,29,41,42,43",1
420,"2,22,13,18,23,15,16,14,44",1
48000,"2,22,28,29,23,41,42,43","1,25,23"
379720,"2,1,9,22,29,18,23,41,42",1
477160,"2,1,49,36,9,39,24,22,28,29,30,23,15,43,44","25,4,23,28"
311210,"2,1,9,24,22,28,29,30,8,25,41,42,43,44","1,25"
202970,"2,1,9,22,28,29,23,8,25,43",1
40800,"2,22,28,29,25,41,42,43",23
264710,"2,22,28,29,31,43","25,23"
233450,"2,22,29,30,23,17","23,28,2"
207610,"2,22,28,29",25
282070,"2,22,28,29,30,23","25,23,28"
238320,"2,22,28,29,13,23,43","1,25,23"
203140,"2,22,29,18,23",1
35720,"2,1,9,38,39,24,27,22,28,29,30,23,17,41,42,43,44","1,25,23"
250900,"2,1,24,22,28,29,23,43,44",1
207140,"2,1,49,36,37,24,27,22,28,29,30,23,15,17,41,42,43,44","1,4,23,9,18"
57300,"2,22,28,13,17,14,41,42,43,44","1,25,23"
65980,"2,1,22,29,30,23,42",2
210770,"2,1,9,38,22,28,29,23,25,43","1,23,2"
219150,"2,22,28,29,23,25","1,23"
107100,"2,22,28,29,23,25,41,42,43","1,23,3"
213670,"2,22,28,41,42,43","1,25,3"
15620,"2,1,9,29,23",2
391220,"2,22,28,29,23,25,41,42,43","1,25"
65300,"2,22,29,18,23,25","1,23"
65800,"2,1,9,38,24,22,28,29,30,23,8,25,41,42,43,44","1,23,3,2"
200260,"2,22,29,18,23","1,25"
209080,"1,22,29,30,18,15","1,25,23,28"
70000,"1,22,29,23,8,15","1,23"
225540,"2,22,28,29,41,42,43","1,25"
239030,"2,22,29,23,15,25,41,42","25,23"
286160,"2,1,49,36,37,9,38,39,24,27,22,28,29,30,23,17,44","4,23,3,28,2"
431240,"2,1,49,36,37,24,22,30,18,15,17,41,42,44","4,23,18"
35140,"2,22,29,18,23","1,25"
268500,"2,22,29,30,23,42",2
262060,"2,22,29,18,23,42","23,3,2"
34030,"2,1,22,29,15",2
261640,"2,1,9,22,28,29,23,43","1,3"
113020,"2,1,49,36,37,9,38,39,24,27,22,28,29,30,23,25,17,44","1,25,4,23,2"
360170,"2,1,49,36,37,9,38,22,28,29,23,25,43,44","1,25,3"
242920,"2,22,41,42","23,28,2"
91600,"2,1,9,27,22,18,23,25","1,4,23,2"
364360,"2,1,49,36,47,9,38,48,22,29,30","1,2"
41070,"2,1,49,36,37,9,38,39,24,27,22,28,29,30,23,25,17,43,44","1,23"
286690,"2,22,28,29,23",1
674940,"1,49,36,37,24,18,41,42,44","1,4,23"
246620,"2,1,49,36,9,38,27,22,29,30,18,23,15,25,17,42","4,23,28,2"
57690,"2,22,29","28,2"
4920,"1,49,36,22,29,30,23,8,17","1,23,2"
236850,"2,1,27,22,29,30,23","28,2"
281990,"2,1,27,22,29,30,23","28,2"
223470,"2,22,28,29,30,23,17","1,25,23"
233720,"2,22,29,23","1,23,28"
305620,"2,22,28,29,23,43","25,23,28,2"
274190,"2,1,49,36,37,9,38,39,24,28,17,41,42,43,44","1,25,4,23"
274940,"2,1,49,36,22,28,29,13,30,35,23,8,15,25,17","1,23"
209000,"2,22,28,29,23,25","1,25"
235540,"2,1,9,38,22,29,13,18,23","1,23"
248820,"2,1,9,24,22,29,18,42,44","1,23,3"
201810,"2,22,18,25",1
238090,"2,1,9,22,28,29,23,25,43","1,25"
108710,"2,22,28,29,23,43","1,25"
234140,"2,22,28,29,23,41,42,43","1,25"
287700,"2,1,22,28,29,13,35,23,25,41,42,43","1,25"
204100,"2,1,22,18",1
268910,"2,1,9,39,24,22,28,29,23,41,42,43,44","1,23"
200170,"2,1,9,24,22,29,18,23,25,44",2
245620,"2,1,9,27,22,29,30,23,17","3,28,2"
427520,"2,1,9,38,48,27,22,23,17,42","4,23,28,2"
239820,"2,22,29,30,23,42","4,23,28,2"
285900,"1,49,36,37,24,22,28,41,42,43,44","1,25,4,23,28"
435150,"2,1,49,36,37,9,38,39,24,22,28,29,13,30,23,17,42,43,44","25,3,2"
493340,"2,22,29,30,23","1,25,4,28,2"
233130,"2,22,28,29,13,23,43","1,25"
3590,"2,22,41,42",2
320300,2,"9,28"
245170,"2,1,49,36,37,22,28,29,23,25,41,42,43,44","1,23"
238430,"2,1,49,36,37,9,38,39,24,22,29,30,18,23,25,17,44","1,25,23"
242050,"2,1,35","1,25"
35700,"2,1,9,38,39,24,22,28,29,30,23,17,41,42,43,44","1,25,23"
393380,"1,49,36,29,30,18,8","1,23,29,2"
110800,"2,22,18","25,2"
12900,"2,9,22,28",23
208140,"2,1,49,36,27,22,29,23",2
326460,"2,1,49,36,37,9,38,39,24,22,29,18,15,25,17,41,42,44","1,4,23,29,2"
208580,"2,22,28,30,23,42",3
289130,"2,1,49,36,27,22,29,30,18,23","3,2"
250400,"2,1,9,24,22,28,29,23,25,43,44","1,25,3"
269210,"2,1,9,38,39,24,27,22,28,29,23,43,44","1,25,23,29,3"
373420,"2,1,9,24,27,22,28,29,13,23,44","25,23,3,2"
287390,"2,22,28,29,23,43",1
244930,"2,22,28,29,31,23,25","4,23,28,18"
241600,"2,22,28,29,23,43","1,25,23,3"
219990,"2,1,9,38,48,22,28,29,23,42,43","1,25,23,3"
307780,"2,1,49,37,22,28,29,23,25,41,42,43,44",1
335300,"2,1,9,22,28,41,42,43","1,3"
282440,"2,1,22,29,30,18,23,15",1
209160,"2,1,22,28,23,8,25,43",1
582660,"1,20,49,36,9,38,29,35,18","1,25,29,3,28,2"
208650,"2,22,28,29,23,25,41,42,43","1,25"
275850,"2,1,49,36,9,38,22,28,23,42,43","1,25"
266840,"2,1,9,22,29,30,23,15,25,17","28,2"
238010,"2,22,29,13,18,23,14,42","1,3"
394360,"2,1,9,27,22,29,30,23,42","28,2"
325610,"2,1,49,36,47,9,38,48,22,29,23",2
237930,"2,22,28,29,23,43","1,23,3"
322170,"2,22,29,18,17,41,42","1,23"
221040,"2,1,9,24,22,29,18,23,8,25,44","1,25"
239160,"2,22,28,29,23,25,43","1,25"
45760,"2,1,49,37,22,28,29,23,25,43,44",1
427730,"1,49,36,37,24,27,22,18,44","1,4,23"
298630,"2,22,29,30,23,25","1,25,23,28,2"
218680,"2,22,29,30,23","25,4,2"
409710,"2,22,28,23,14,41,42,43","1,3"
22600,"2,1,49,37,22,18,23,15,25,44",2
20570,"2,1,9,23",2
242700,"2,1,22,28,29,23,25,43",1
224760,"2,22,28,23,25",23
291650,"2,22,29,23,14,42",3
236430,"2,1,9,22,28,41,42,43","1,3"
552500,"2,1,9,38,22,29,18","1,23"
225260,"2,1,49,36,22,28,29,23,41,42,43","1,25,2"
212480,"2,1,24,22,28,29,23,8,41,42,43,44","9,18"
48720,"2,1,22","1,3"
10680,"2,1,9,22,23,15,25",1
433340,"2,22,28,29,23,41,42,43","1,25,23,28"
3830,"2,22,29,18,23,41,42",1
391720,"2,22,29,18,23,42","25,23"
657200,"2,1,49,36,22,29,15",28
312530,"2,1,49,36,47,37,24,22,28,29,30,23,17,41,42,43,44","1,23"
55100,"2,1,22,18,23,8",1
524220,"2,22,29,18,23,41,42","1,3"
337000,"2,22,28,29,23","1,3"
313120,"2,1,9,38,39,24,22,28,30,15,25,17,43,44","25,23"
242860,"2,1,49,36,22,28,29,23,25","1,23,29,28,2"
67370,"2,9,22,18",1
311690,"2,1,24,22,28,23,41,42,43,44","1,25,23"
440900,"2,1,49,36,9,38,22,28,29,30,42,43","1,25,29,3,28,2"
236370,"2,1,9,27,22,18,23,15,25","1,23,3,28,70"
39140,"2,22,18,41,42",3
403640,"2,22,28,29,23,42,43",1
209650,"2,1,22,28,23,8,25,43",1
299740,"1,20,49,36,22,29,18,23,8","1,25,23,29,3,28,2"
247080,"2,1,9,39,22,28,29,13,30,23,25,17,41,42,43,44","1,23,3"
646570,"2,22,28,29,30,23,15,25,41,42,43","23,2"
42120,"1,22,18,23,15,25",1
102600,"2,22,18,23,15,25","1,23,2"
236450,"2,22,28,23,25",1
55150,"2,1,22,28,25,43",1
21100,"2,1,9,22,18,23,25",1
204880,"2,1,49,36,47,9,38,48,22,29,23,17","1,23,28,2"
34870,"2,1,22,28,25",1
206440,"2,22,28,29,23","25,23,3"
249050,"2,1,9,38,22,29,18,23","25,23,3,2"
310560,"2,1,22,28,29,30,23,8,25,41,42,43","9,28,18"
98200,"2,1,22,29,32","23,2"
225080,"2,28","1,25,23"
261030,"2,22,28",25
447820,"1,49,36,9,38,22,30,18,23,15,17,16","1,23,2"
40100,"2,1,22,15,25",2
221640,"2,28","1,23"
475150,"2,1,49,36,9,38,22,29,30,18,23,17","1,3"
274170,"2,22,28,30,23,25,17,43","1,23"
582160,"2,22,29,13,35,18,42","1,25,3"
41000,"2,1,49,36,37,9,38,39,24,22,29,18,23,25,44","1,23"
286570,"2,1,27,22,28,29,23,25,43","9,18"
323580,"2,22,28,29,23,43","1,25,23"
244450,"2,1,9,22,29,30,23,15,25,17","1,28,2"
26800,"2,22,28,23,43","4,23,2"
250320,"2,22,28,43","1,25,4"
21690,"2,1,9,22,28,29,23,25","1,25"
258970,"2,1,9,24,22,28,29,23,15,25,41,42,43,44","1,25,3"
367520,"2,22,28,29,23,41,42,43","1,25,23"
249130,"2,1,24,22,28,23,41,42,43,44","1,25"
220440,"2,22,28,29,23,25","1,25"
22000,"2,22,29,23",23
302510,"2,1,9,22,28,29,23,15,25,43",1
234630,"2,1,22,29,31,18,25","9,28,18"
394510,"2,1,9,38,39,24,22,28,23,8,42,43,44",1
367500,"2,22,28,29,23,25,41,42,43","1,25,3"
349040,"2,1,49,37,22,28,23,25,41,42,43,44","1,25"
383870,"2,22,28,29,23,41,42,43,44","25,23"
239070,"2,1,9,38,39,24,22,29,30,18,17,44","1,25,23,3"
594570,"2,1,49,36,47,9,38,48,22,29,30,42","1,2"
323850,"2,1,49,36,47,37,9,38,48,39,24,22,28,29,30,23,15,17,41,42,43,44","1,23"
418460,"1,49,36,22,29,30,35,15,17","1,29,28,2"
356190,"2,22,28,29,35,23","1,25,3"
240720,"2,18,14,41,42",1
236090,"2,22,28,29,23,43","1,25,23,3"
296470,"2,1,49,36,37,24,22,29,18,25,41,42,44","23,28,18"
301640,"2,1,9,22,28,29,23,25,43",1
34830,"2,1,22,18",1
307690,"2,22,28,25,42,43","1,25,9"
257510,"2,22,28,29,30,23,17,43","1,25,23"
313160,"2,1,9,27,22,29,18,23",28
374040,"2,1,9,39,22,30,18,23,42,44","1,25,3"
239350,"2,1,49,37,9,39,24,22,28,29,25,41,42,43,44",23
13210,"2,1,9,22",1
222730,"2,22,29","23,28,2"
476600,"2,1,49,36,37,9,38,39,22,28,29,35,23,8,43",1
311340,"2,22,28,23,25","1,25"
57900,"2,1,22,18,23,15,25",1
39800,"2,1,49,36,9,38,39,24,27,22,28,29,23,25,44","1,23"
365450,"2,22,29,13,30,23,17","23,28"
292730,"2,1,49,36,9,38,22,28,8,43","1,25"
434650,"2,1,49,36,37,9,38,39,24,22,28,29,23,41,42,43,44","1,25,23,3"
287450,"2,1,9,22,29,23,15,25","28,2"
238370,"2,1,9,24,22,28,29,41,42,43,44","1,25"
339800,"2,22,29","23,3,28,2"
360430,"2,22,28,29,23,42,43","1,25"
1200,"1,22,8",1
334230,"1,27,22,35,23","23,3,2"
322500,"2,22,28,29,23,41,42,43","1,23"
434570,"2,1,49,36,9,38,22,28,29,30,23,15,25","1,25,4"
209670,"2,1,24,22,28,29,30,23,17,44","1,23,2"
233840,"2,1,24,22,29,30,18,23,25,17,44",2
341800,"1,9,39,24,22,28,31,30,15,25,43,44",23
588650,"2,22,28,29,30,23,41,42,43","1,25,23"
232890,"2,1,49,36,9,38,22,29,30,23,17","28,2"
379430,"2,22,28,29,23,43","1,25,3"
244210,"2,1,49,36,22,18,25,17","23,9,28,18"
323470,"2,1,9,22,28,29,23,25,41,42,43",1
518790,"2,1,9,38,22,28,35,23","25,28,18"
648800,"2,1,9,38,22,23","25,23,28"
367450,"2,22,29,30,23,15,25,17,41,42","23,28"
284160,"2,22,29,18,23,17,41,42,44","9,28,70"
447020,"2,1,9,27,22,28,29,23,43",28
211400,"2,22,28,29,23,43","1,25,23"
94400,"2,1,36,37,24,22,28,29,15,25,43,44","1,23,18"
466560,"2,1,49,36,9,38,22,29,23","23,28,2"
55110,"2,1,9,22,18,23,8,25",1
386940,"1,49,36,37,9,38,39,24,27,22,28,29,23,17,41,42,43,44","1,4,23"
91700,"2,1,49,36,47,9,38,48,24,22,29,18,15,25,44","1,23,3"
294860,"2,22,28,29,23","1,3,2"
387290,"2,22,28,23,15,41,42,43",1
226840,"2,1,9,24,27,22,29,30,23,17,44","3,2"
70300,"2,22,28,29,43","1,23"
207170,"2,22,30,17","25,23,3"
644930,"2,22,29,30,23,15,25,17,42",2
96100,"2,22,28,29,13","1,4,23"
107200,"2,22,29,23,15","1,23,3,2"
332310,"2,1,49,36,9,38,24,22,28,41,42,43,44",25
392110,"2,1,49,36,27,22,29,30,23,42",2
237990,"2,22,28,29,13,23,17,42,43","23,3,2"
228280,"2,1,9,27,22,29,13,23","25,3"
214340,"2,22,29,23,41,42","25,23"
265300,"2,22,29,18,23","1,3"
304650,"2,22,29,23","25,23,3"
268050,"2,22,28,29,13,23,43",1
215470,"1,49,36,22,29,18,8","1,23"
244160,"2,1,22,30,23","28,2"
215530,"2,1,9,27,22,28,29,23,15,25,43","1,25,23,3"
622650,"2,22,28,43","1,25,23,2"
312660,"2,1,9,22,28,29,23,25,43","1,25"
428690,"2,22,28,29,23","25,4,23,28,2"
261180,"2,1,24,27,22,28,29,23,43,44","1,23,18"
40390,"2,22,29,18,15",3
1520,"2,1","23,2"
63200,"2,1,9,22,18,8,15,25","1,2,23,18"
292120,"2,22,29,18,23,41,42",3
254700,"2,22,28,29,13,23,25","1,25"
480490,"2,22,28,29,23,43","1,25"
7520,"2,1,49,36,9,38,27,22,28,29,35,23,43",3
206190,"2,22,29,13,23,17,41,42,44","1,23,2"
246900,"2,1,9,38,48,39,24,22,28,29,30,23,17,44","23,28"
235460,"2,22,28,23",1
245470,"2,22,29,30,25","23,28,2"
92800,"2,22,29,23,25","23,28"
285190,"2,1,49,36,22,29,30,23,15,17","1,28,2"
323190,"2,22,29,23,41,42","28,2"
264200,"2,22,18,25","1,4,23"
234670,"2,1,49,36,37,22,28,23,15,25,44","1,25"
304430,"2,22,28,29,23","1,25,23"
265590,"2,1,49,36,9,38,22,29,13,23,15,25","1,3,2"
418370,"2,22,28,29,23","1,25"
439190,"2,22,28,29,23,43","1,25,23,3"
287290,"2,1,9,38,39,22,28,29,23,25,41,42,43,44","1,25"
250180,"2,1,9,38,39,22,28,29,23,25,41,42,43,44",1
71340,"2,22,28,23,15,25,41,42,43",1
63710,"2,22,28,29,23,25","1,23"
305050,"2,1,9,22,28,29,23,25,43","1,25,23"
17710,"1,49,36,47,27,22,29,30,18,23,8,15,17","1,2"
39160,"2,1,9,22,23","1,3"
22230,"2,1,49,36,37,9,24,22,29,18,23,25","1,23,9,2"
438740,"1,22,28,15,25,43",1
45740,"2,1,9,22,29,18,23","1,25"
240760,"2,22,13,18,23","25,23,3,2"
214870,"2,1,9,24,22,29,30,18,23,25,17,44",1
266510,"2,22,28,29,23,25,43","1,23,3"
58610,"2,1,49,36,9,38,22,8","23,28,2"
264140,"2,22,29","25,23,3,28"
253030,"2,22,28,29,30,23,15,25,17,41,42,43","1,23,9"
40700,"2,22,28,29,23,25,43","25,23"
208200,"2,1,22,18,25",1
249990,"2,1,49,36,37,9,38,39,24,27,22,28,29,23,25,44","1,25,23,3"
49600,"2,1,9,24,27,22,28,29,23,25,44","1,4,23"
247000,"2,1,49,36,37,24,27,22,28,29,23,25,41,42,43,44","23,3,2"
223100,"2,1,9,22,28,29,13,15,43","1,25"
350080,"2,22,18,23,25",1
448510,"2,1,49,37,9,39,24,22,28,29,23,41,42,43,44","1,4,23,28"
218640,"2,22,28,29,23","73,74,1,25,23"
462780,"2,22,28,29,23,41,42,43","1,25,3"
362890,"2,1,49,36,27,22,29,13,30,18,23,17,16,41,42","1,25,23"
232050,"2,1,9,39,22,29,23,44","23,3,2"
257850,"2,1,49,37,9,39,22,28,29,41,42,43,44","1,25,23,3"
268870,"2,1,49,36,47,9,38,48,27,22,29,23,25","1,23,2"
297000,"2,1,22,17,42","3,2"
220260,"2,1,9,22,29,18,23","4,28"
200900,"2,22,18","1,25,23"
274920,"22,29,30","51,58"
228300,"2,22,28,29,23,43","1,25"
236150,"2,22,29,30,18,23","1,3,28"
262280,"2,1,27,22,29,18,23","3,28,2"
250760,"2,1,49,37,9,39,24,22,28,29,23,41,42,43,44","1,25,23"
288470,"2,22,28,29,30,23,41,42,43",3
214510,"2,24,22,28,23,41,42,43,44","1,25"
220780,"2,22,28,43",23
39150,"2,22,18,23,41,42",3
224480,"2,1,24,22,28,29,30,23,17,41,42,43,44","1,25,23"
327890,"2,22,28,29,23,25,43","1,25,23,28"
368360,"2,22,29,18,23","25,4,23,28,2"
333600,"2,22,29,23,41,42","4,23"
384190,"2,22,28,29","1,25,4,23,28"
227100,"2,1,9,22,29,18,23,8,25",1
386070,"2,1,49,36,47,9,38,48,27,22","1,23,2"
359870,"2,22,29,18,23,41,42",3
91200,"2,22,28,29,23,25","1,23,2"
290340,"2,1,49,36,27,22,28,29,35,23,8,43","25,23,3,2"
385800,"2,22,29,23","4,23"
569480,"2,22,28,30,23,17,42","23,28,2"
362960,"2,22,29,23,42","25,3"
318600,"2,22,28,29,23,43","1,25,23"
388410,"2,22,28,29,23,25,41,42,43","1,25,3"
18500,"2,22,28,29,43","23,2"
265210,"2,1,9,24,22,28,23,44","74,23,28"
239200,"2,28,13,23,43,44","1,25,23"
98800,"2,22,29,30,15,25","4,23,3"
35130,"2,1,24,22,18,23,15,25,44","1,25"
612880,"2,22,28,23,43",1
248610,"2,1,9,38,27,22,29,30,23,17,44","1,23,28,2"
287980,"2,22,29,30,23,25,41,42","23,28,2"
261110,"2,22,28,29,23,25,43",1
420290,"1,49,36,9,38,18,41,42","1,4,23,2"
389730,"2,1,49,36,37,24,22,28,29,23,25,43,44","1,18"
394310,"2,22,29,13,23","23,3,2"
232430,"2,22,28,29,13,23,14,43","25,23"
214770,"2,1,24,22,28,29,30,23,25,41,42,43,44","1,25,23"
577800,"2,1,24,22,28,23,43,44","28,18"
571740,"2,1,49,36,37,22,30,18,23,25,17,41,42,44","4,23,28,18,70"
301910,"2,1,9,22,28,29,43",1
454650,"2,1,20,49,36,37,9,38,22,28,23,25","1,25,4,29"
290080,"1,9,22,29,15","1,23,3,28"
205950,"2,28,43",1
300550,"2,22,29,30,23,17","25,23,3,2"
263980,"2,22,28,29,23,15","1,25,23"
202750,"2,28,43","1,25"
316790,"2,22,28,29,23,14,43,44",25
223850,"22,29,25",57
233290,"2,22,28,29","1,25,3"
248390,"2,1,9,38,22,29,30,23,17","23,3,28,2"
496300,"2,22,28,29,23,41,42,43","23,28,2"
222480,"2,1,9,22,28,29,23,8","1,25"
385760,"2,1,24,22,28,23,43,44",18
271240,"2,1,49,36,9,38,27,22,29,30,18,23,15,17","23,28,2"
263060,"1,27,29,30,18,17","1,23"
282800,"2,1,49,36,9,38,22,29,30,18,23,8,15,25","23,2"
474750,"2,22,28,29","25,23,3,28"
210970,"2,22,13,18,23,41,42","25,23"
242680,"2,1,24,22,28,23,15,25,43,44","1,23,3"
645630,"2,22,29,30,18,23,15,17","9,28"
282140,"2,22,28,29,30,23,43,44","1,25,23"
285920,"2,1,49,36,9,38,22,29,30,18","1,23"
637650,"2,1,49,36,9,38,22,28,29,23,42",3
641990,"2,1,49,36,37,9,38,39,24,22,28,29,23,25,41,42,43,44","23,28,2"
70600,"2,1,24,22,18,23,15,25,44",2
242640,"2,22,28,29,23,43",1
247910,"2,1,9,22,29,18,23,25","1,25"
231160,"2,22,28,29,43","1,25,23"
410900,"2,1,49,36,47,9,38,48,22,29,13,30,23,25,17","1,23,2"
2820,"2,22,28,13,23","1,28,2"
648350,"2,22,28,29,23,43","28,2"
34900,"2,22,29",23
226860,"2,1,49,36,9,38,22,29,30,15","23,2"
270150,"2,1,49,36,47,9,38,48,27,22,29,30,18,23","1,23"
554620,"2,22,28,29,23","1,25"
644560,"2,22,29,23,41,42","25,23,3"
49540,"2,1,9,22,28,43",1
222940,"2,1,49,37,22,28,29,23,25,44",1
345180,"2,1,9,39,27,22,28,29,23,43,44","1,25,23,3"
234390,"2,22,28,29,23","1,23"
361280,"2,22,29,23","23,28,2"
253430,"2,1,49,36,9,38,22","73,1,25,23"
225420,"2,1,9,27,22,29,30","28,2"
28000,"2,1,9,22,25",1
233980,"2,1,9,22,29,18,23,17,42","1,23,3"
95400,"1,9,24,27,22,28,29,23,25,44","1,25,23"
678950,"2,1,49,36,37,24,22,28,29,23,41,42,43,44",1
204060,"2,22,23","25,23"
553640,"2,22,28,29,23,15","1,25,3"
302670,"2,1,49,36,9,38,22,29,30,35,18,23,15,25,17","1,23,28,2"
485610,"1,20,49,36,9,38,27,22,29,35",18
278360,"2,22,28,29,23","25,4,23"
347560,"2,22,28,29","25,23,3,70"
233470,"2,22,28","25,23,3"
230050,"2,22,29,25",23
460790,"2,22,28,29,23,41,42,43","1,25"
414340,"2,22,28,29,23,43","1,25,23"
274900,"2,1,49,36,37,9,38,39,24,27,22,28,29,30,17,44","1,4,23"
257350,"2,1,9,27,22,29,13,23","25,3"
232790,"2,28,29,23","25,4,23"
516750,"2,22,29,18,23","23,9,28,70"
289950,"2,1,9,38,27,22,29,30,18,23","4,28"
213610,"2,1,18,44",1
304240,"2,22,28,29,23,25","1,25"
94200,"2,1,49,37,9,39,24,22,28,15,25,44","1,23"
351970,"2,1,24,22,28,29,23,41,42,43,44",3
64000,"2,1,9,22,25,17",2
418240,"2,22,28,29,23,43","23,2"
282900,"2,22,28,29,23","3,2"
329430,"2,22,28,29,25","1,3,28"
263760,"2,22,29,30,18,15,25,17","1,23,28"
359050,"2,22,29,25","1,23,28"
283640,"2,1,24,22,28,29,43,44","1,23,3"
285160,"2,1,24,22,28,23,41,42,43,44","1,25"
307880,"2,1,9,38,22,29,23","1,25,23,3,28"
270450,"2,1,9,24,22,28,29,30,23,15,25,44","1,23,18"
214360,"2,1,49,36,9,38,27,22,29,30,23,8,15,25","1,23,2"
243970,"2,22,29,23,42","1,23,2"
319910,"2,1,9,38,39,24,22,28,29,30,23,17,43,44","1,25,23"
315430,"2,1,24,22,29,18,44","1,25,23,2"
449680,"2,22,29","1,4,23"
414700,"2,22,28,29,23,43","1,25,23"
418340,"2,1,49,36,9,38,22,28,13,23,43","1,25,23"
515220,"2,1,22,28,30,23,25,43","9,28,18"
247020,"2,1,24,22,28,29,23,25,43,44","1,23,28,2"
257750,"2,1,49,36,37,9,38,39,24,22,28,29,30,15,17,44","1,25,4,23"
258520,"2,22,28,29,23,43","25,23"
234080,"2,22,28,23","1,25"
290300,"2,22,28,23,43","1,25,23,3,28"
443810,"2,22,28,29,23,43","25,23,2"
469820,"2,1,49,36,37,24,22,28,13,41,42,43,44","1,23"
313340,"2,22,29,31,18,23","4,23,3,28"
274560,"2,1,49,36,37,9,38,39,24,22,28,29,23,25,43,44","1,25,23"
40400,"2,1,9,38,48,27,22,29","23,2"
512900,"2,1,49,36,47,37,9,38,48,39,24,27,22,28,29,30,23,17,41,42,43,44","1,25,23,3"
295790,"2,1,9,39,24,22,28,29,23,44","1,25,4,23"
251990,"2,22,28,29","23,3,28,2"
397950,"2,22,28,30,15,25,17,43","1,23"
356570,"2,1,9,39,24,22,28,29,42,43,44","1,23,2"
252410,"2,22,28,29,23,43","1,25,23"
290790,"2,1,22,29,30,23,8,15,25,17",2
272510,"2,1,22,18,23,25","1,25"
208500,"2,1,9,22,18,23,25","9,28,18"
230190,"2,1,49,36,27,22,29,13,30,23,25,17","23,28,2"
403190,"2,22,29,30","23,28,2"
333420,"2,1,49,36,9,38,22,29,30,23,17,14","1,25,2"
368730,"2,1,49,37,24,22,28,29,30,23,17,43,44","1,25,4,23"
205910,"2,22,28,29,23,15,25",23
233740,"2,22,28,29,23,25","23,2"
218060,"2,28,29,23","1,23"
326410,"2,1,9,27,22,28,29,23","1,25,23,3"
252330,"2,22,29,18,23,15,25","1,25,23"
306020,"2,1,9,38,27,22,23,25","1,2"
277430,"2,22,29,18,23,25",1
398710,"2,1,24,27,22,28,29,23,25,44","1,4,23"
38700,"2,22,28,23,17","4,23"
613100,"2,22,28,29,30,23,42","23,28"
297130,"2,22,28,43","1,25,23"
314020,"2,22,29","25,4,23"
570940,"2,1,22,28,41,42,43",1
485510,"2,1,49,36,9,38,22,28,29,23,15,25","1,3"
331600,"2,1,24,22,18,44",1
352400,"2,1,24,22,28,23,41,42,43,44","1,25"
2870,"2,22,28,29,13,30,23","1,28"
249230,"2,22,29,13,18,23",3
231740,"2,22,29","23,3"
115100,"2,22,29,18,23","25,4,3"
92100,"2,1,49,36,9,22,29","23,2"
93200,"2,22,29,23","1,23,2"
463210,"2,29","1,4,23,28"
97000,"2,22,18,23,15","1,25,4,23,28"
446800,"2,22,30",28
251170,"1,9,22,29,18",25
267530,"2,1,24,22,28,23,41,42,43,44","1,25"
223220,"2,1,49,37,24,22,28,29,23,25,41,42,43,44","1,23"
383150,"2,1,9,38,22,28,29,13,23,15,43",1
98400,"2,22,18,15,25","1,23"
405640,"2,22,29,15",23
377840,"2,22,29,18,23,41,42",3
276810,"2,1,49,36,22,29,18,23","3,2"
207690,"2,22,29","25,4,23"
323320,"2,22,28,29,23,43","25,4,23"
415200,"2,22,29,30,23","9,28,18,2"
313690,"2,1,24,22,28,23,41,42,43,44","1,25"
318430,"2,22,28,29","25,23"
288160,"2,22,29,23","25,23"
235800,"2,1,24,28,30,44",23
338170,"1,22,30,15,25,17","1,23"
363680,"2,1,49,36,9,38,22,29,23,8",2
204240,"2,22,28,29,23,43","25,4,23,2"
291010,"2,22,29,13","1,25,23"
22200,"2,22,29,23","1,23"
488790,"2,22,29,18,41,42",3
426000,"2,22,29","23,28"
434170,"2,1,49,37,9,39,22,28,29,23,41,42,43,44","4,23,2"
675010,"2,1,9,38,27,22,28,29,30,23",28
391040,"2,1,22,28,29,30,23,25,43","9,28,18"
420110,"2,22,29,23","4,23"
55040,"2,1,9,39,24,22,18,15,44","23,2"
266210,"2,22,29,18,23","23,3"
397340,"2,22,30,18,23","23,28"
233150,"2,22,28,29,23,25","1,23,28"
437920,"2,1,49,36,37,24,22,28,29,25,41,42,43,44","4,23"
6120,"2,1,24,22,28,23,43,44","1,23"
214830,"2,1,9,22,28,23,15,25","1,4,3"
61700,"2,1,9,18,23,8,25","3,2"
255070,"2,1,49,36,37,9,38,39,24,22,28,29,23,25,43,44","1,25,23"
55140,"2,1,22,18,23",9
218820,"2,1,9,24,27,22,28,29,23,43,44","1,25,23,3"
331670,"2,1,49,37,9,39,22,18,23,41,42,44","4,23,2"
654880,"2,13,18","4,23,28"
203750,"2,1,9,22,28,23,25,43",1
249650,"2,22,29,23","23,3,2"
368370,"2,22,29","25,4,23,28"
211160,"2,22,25","1,25"
286000,"2,1,49,36,37,24,22,28,29,30,25,17,43,44","1,4,23,2"
40960,"2,1,49,36,22,29,30,23","28,2"
246420,"2,22,29,23",2
397460,"2,1,49,37,9,39,22,29,18,23,41,42,44","4,23,2"
329050,"2,22,28,29,23",1
564310,"2,1,49,36,37,9,38,39,24,27,22,28,30,23,25,17,44","1,23"
266010,"2,22,29,23,44","4,23"
335670,"2,22,29,18,23","25,23,3"
99300,"2,1,9,24,22,28,25,43,44",1
314450,"2,1,24,22,28,29,23,44","1,23,2"
291860,"2,1,9,38,39,24,22,28,29,23,43,44","1,23,3,2"
529180,"2,1,49,36,47,9,38,48,30","1,25,29,3,28,70"
78000,"2,22,41,42","4,2"
108200,"2,1,49,36,47,37,24,27,22,32,41,42,44","4,23,2"
449540,"2,22,29,30,23,25","4,23"
236690,"2,1,49,36,37,22,28,29,35,23,43,44","18,2"
235210,"2,22,28,29,23,25,43","1,25"
447530,"2,22,29,23,41,42","25,23,28"
396750,"2,22,28,29,23","1,23"
637090,"2,1,49,36,27,22,29,23,44","1,25,2"
668630,"2,22,29,23","25,4,23"
495890,"2,22,29","4,23"
32460,"2,22,28,23,41,42,43",25
280160,"2,1,9,38,27,22,28,29,13,30,23,17,41,42,43","1,25,23"
360740,"2,22,18,25,41,42","1,25,23"
215510,"2,1,9,38,24,22,28,29,23,44","25,23"
327030,"2,1,49,36,37,24,22,28,29,30,23,25,41,42,43,44","1,2"
383980,"2,1,49,36,37,9,39,24,22,28,29,23,15,25,41,42,43,44",23
527230,"2,1,49,36,37,9,38,39,24,22,28,29,23,41,42,43,44","25,23,3,2"
429660,"2,1,24,22,28,29,23,41,42,43,44","1,3"
310080,"2,22,29","4,23,28"
434730,"2,1,49,36,9,38,22,28,29,30","1,25"
388880,"2,22,28,29,13,23,43","25,23"
204630,"2,22,28,29,23,25","1,25,23,9"
424840,"2,22,28,29,23,43",25
226720,"2,1,28,29,13,23,43",1
225160,"2,22,28,29,23,17",1
536220,"2,22,28",25
407840,"2,1,9,38,39,24,22,29,35,18,15,44","1,23,3"
208520,"2,22,29,23","28,2"
227860,"2,1,49,36,47,9,38,48,27,22,30,17","23,28,2"
217140,"2,1,49,36,22,29,30,18,23,25,17,16",1
384300,"22,29","53,57"
498240,"2,22,28",25
208730,"2,22,28,43","1,3"
221810,"2,1,24,22,28,23,43,44",25
421020,"2,1,49,36,22,28,29,23,8","9,28,18"
434460,"2,1,49,36,37,9,39,24,22,28,29,23,25,44","1,23,9,2"
346940,"2,22,30,23,17","25,23,3,2"
298520,"2,1,24,27,22,28,29,15,25,44","1,23,28"
526740,"2,22,29,25","23,28"
63700,"2,22,18,23,25","1,4,23"
467960,"2,22,29,23","25,4,23,3,28,2"
243950,"2,1,22,29,23,25","1,3,2"
388210,"2,22,28,29,23,14,41,42,43",25
378860,"2,1,49,36,22,23,25",9
341500,"2,22,28,29,30,23,15,17","1,25,23,2"
45770,"2,1,9,22,29,18,23","1,25"
433950,"2,22,28,29,23,25","1,4,23"
445980,"2,1,9,39,24,22,28,29,23,41,42,43,44","1,25,23"
519190,"2,1,49,36,22","1,23,3"
251730,"2,22,29,30,23,17","25,23,3"
391260,"2,22,28,29,13,23","1,25,23,3"
314410,"2,1,49,36,37,9,38,39,24,27,22,28,29,23,44","1,25,23,3"
772540,"2,22","1,25,28"
341310,"2,22,28,29,23","25,23,3"
593600,"2,1,49,36,9,38,22,29,18","1,25,4,29,3,2"
237630,"2,22,28,29,23,25,41,42,43","1,25,4"
254440,"2,1,22,28,29,30,23,25,43","4,23,28,18,2"
20820,"2,1,24,22,18,23,25,44","1,23"
272470,"2,1,9,22,28,29,23,15,25,43","1,25,23,3"
411300,"2,22,28,29,23,43","1,25,3"
407230,"2,22,28,29,13,23","1,25,23,3"
251150,"2,22,29,18,23",3
216890,"2,1,49,36,37,24,44","18,2"
231330,"2,1,9,22,29,18,23,25","1,25"
115800,"2,22,28,29,23,25,43","1,25,23"
220740,"2,22,29,23,41,42","25,23"
666140,"2,22,28,29,23,41,42,43","25,4,23,3,28"
40980,"2,1,9,22,29,30,23,17","28,2"
38720,"2,22,23","4,23,2"
115110,"2,18","25,23"
250460,"2,22,28,23,25,41,42","4,23,28"
428550,"2,22,28,29,23,43","1,25,23"
214790,2,"25,23,2"
423580,"2,22,29,30,23","28,2"
95300,"2,1,24,22,18,23,15,44","1,23"
438640,"2,1,24,22,28,41,42,43,44","1,25"
292140,"2,22,29,18,23",3
555220,"2,22,29,23,41,42","25,23"
246580,"2,1,22,29,18,23,25",1
298050,"2,1,22,29,23,15",2
438490,"2,1,9,22,28,23,25","1,3"
245280,"2,22,28,23","1,25"
308420,"2,22,28,29,23,15,25,43","1,23,3"
293780,"2,1,49,37,24,22,28,29,23,43,44","1,23,3"
341940,"2,22,29,18,23,25","1,23"
275100,"2,22,28,29","25,4,23"
250260,"2,22,28,29,43","25,23"
73010,"2,22",28
370360,"2,22,23,25,17","23,28"
413410,"2,22,28,29,23,41,42",25
261760,"2,22,28,29,23,43","1,23,3"
322190,"2,22,28,29,23,43","1,25,23,3,2"
345350,"2,22,29,18,23",3
359310,"2,22,28,23","1,25,23,3"
512250,"2,1,24,27,22,29,23,25,44","23,28"
296870,"2,22,28,29,13,43","25,4,23"
304730,"2,22","4,23,28"
394690,"2,1,20,49,36,9,38,22,30,18,23,8,15,25","1,25,4,23,29,9,70"
312610,"2,1,9,38,39,22,28,29,23,25,41,42,43,44",1
220820,"2,22,28,29,23,15,25,43","1,23,9"
368070,"2,1,49,36,22,18,23",1
473690,"2,1,49,36,9,38,22,28,43","1,25,23"
491950,"2,22,29,23","25,23,28"
253650,"2,22,28,29,23","1,4,23,28"
344850,"2,22,29,23","23,28,2"
601430,"2,22,29,23","1,25"
241240,"2,1,9,38,27,22,29,30,17","4,23,28"
274290,"2,22,29,13","25,23"
250340,"2,1,22,29","1,23,28"
354240,"2,22,29,14","4,23"
415880,"2,1,49,36,37,9,38,39,24,27,22,28,43,44","1,23,18"
249870,"2,22,29,30,23","1,25,4,2"
243800,"2,1,9,22,28,29,23,8,15,25,43","1,9,18"
712100,"2,1,49,36,47,9,38,48,22","1,2"
252110,"2,1,9,39,24,22,28,29,23,41,42,43,44","1,23,28"
372360,"2,1,9,39,22,28,29,23,41,42,43,44",3
410110,"2,22,28,29,25","1,23"
572410,"2,1,49,36,9,38,22,29,30","1,28,2"
602520,"2,22,29,23","4,23"
219910,"2,22,29,23,42","25,23"
639790,"2,22,28,29","1,4,23"
423230,"2,22,28,29,25,43",1
503560,"2,22,29,30,23,15,17","4,23,28,2"
526160,"2,1,9,38,22,28,29,13,43","1,25,23,3,28"
238240,"2,1,9,22,29","1,25,23,3"
251130,"2,22,29,13,30,18,23,25","23,3,2"
243120,"2,22,29,18","1,25,23"
481510,"2,22,28,29,43",25
301970,"2,1,24,27,22,28,29,23,43,44","1,23"
264240,"2,22,29,23,25","1,25,23,3"
399790,"2,22,28,29,23","25,23,3"
200010,"2,22,28,23,25,43","4,2"
211260,"2,22,28,29,23,25","1,23"
300380,"2,1,9,39,24,22,28,29,13,23,15,41,42,43,44","1,25,23,9,28"
38600,"2,22,29","4,23,3"
251470,"2,1,24,22,28,29,23,15,41,42,43,44","1,23"
98300,"2,22,18,23,25","1,4,28,2"
405310,"2,1,24,22,28,41,42,43,44","1,25"
369990,"2,1,49,36,9,38,27,22,29,30,23,15","23,2"
107800,"2,22,18,23","1,4,23"
375820,"2,22,29,23","4,23,28"
306660,"2,1,27,22,29,15,25","23,28,2"
611790,"2,22,28,29,13","25,4,23,3,28"
269770,"2,1,9,38,22,28,23,25","1,25,23,3,70"
238280,"2,1,49,37,9,39,24,22,28,29,31,44","1,23,3"
274310,"2,22,28,29,23,43","23,3"
272270,"2,22,18,23,42","25,23,3,2"
221540,"2,1,9,24,22,28,29,13,30,23,15,25,17,43,44","23,2"
464060,"2,22,28,29,23","1,23"
289090,"2,22,29,15","25,4,23,3,28"
406150,"2,22,28,29,23,41,42,43","25,4,23"
582550,"2,22,29,23","4,23,28"
314660,"2,22,28,29,23,25","1,25,23"
560130,"2,22,29,30,23,42",3
396160,"2,22,28,29,13,23","1,25,23,3"
585550,"2,22,29,30,18,23,15,25","1,4,23,28"
247240,"2,22,28,29,25,43","1,25,23"
307670,"2,22,28,29,23","25,23,3,2"
448280,"2,22,29,13,31,40",28
205610,"2,1,22,28,29","1,28,2"
360380,"2,22,29,23,25","25,23,2"
410320,"2,1,9,24,22,28,29,23,41,42,43,44",1
35480,"2,22,15,25","2,23,4"
244730,"2,1,24,22,28,29,23,25,43,44","1,23"
375910,"2,22,29","28,2"
22610,"2,1,9,22,18",1
339340,"2,22,28,29,23","1,25"
425580,"2,22,29,23","25,23"
225280,"2,1,9,22,28,29,23,25,43","1,23,3"
445220,"2,1,49,36,47,9,38,48,27,22,29,30,8,15","1,23,28"
429570,"2,22,28",25
608800,"1,49,36,9,38,22,30,35,18,15","1,25,23,28"
459220,"2,1,49,36,9,38,22,28,29,13,23,25,43",2
496460,"2,30,23","23,28,2"
282210,"2,22,29,25",2
393080,"2,1,49,36,9,38,22",1
250620,"2,22,28,29,23,43","1,25,23"
463150,"2,22,28,29,23,25,41,42,43","1,23"
705120,"2,22,29,13,23,15","25,4,23,2"
292910,"2,22,29,23,14,41,42",25
381120,"2,22,28,29,13,15,43","25,23,3,28"
230700,"2,22,28,29,23","1,25,23"
237890,"2,22,28,29,23,25","25,3,2"
244870,"2,22,28,29,23,25,43","1,23"
351290,"2,1,49,36,22","1,25,23,29,28"
233700,"2,22,28,29","4,23,3,2"
286040,"2,22,29,18,23,15,25","1,23"
321360,"2,1,49,36,47,9,38,22,28,29,30,35,23,15,25,17,43","1,25,23"
503300,"2,22,29,23","25,23,28"
343710,"2,22,28,29,23","25,23"
446020,"2,22,18","25,23,28"
232750,"2,22,28,29,23,43","1,3"
204530,"2,22,29,23,25","1,23,2"
203830,"2,22,29","25,23"
205650,"2,22,29,18,23",25
486310,"1,20,9,38,22,29,23,25","25,23,29"
253230,"2,1,9,39,24,22,28,29,13,30,23,15,17,41,42,43,44","25,23"
35460,"2,22,18,15,25","1,25,23"
243200,"2,22,29,23","25,23"
252630,"2,22,28,29,23,25","1,25,23,3"
237850,"2,22,28,29,23","25,23"
92000,"2,22,18,23,25","1,25,23,2"
362680,"2,22,29,41,42","25,23"
207080,"2,22,29,13,14",23
400170,"2,1,9,22,28,29,23,15,25","1,25,23,3"
732430,"2,22,18,25","1,4,23,9,18"
501300,"2,22,28,29,23,43","25,23"
626690,"2,1,49,36,22,18,23,15,25,42","1,3"
247950,"2,1,9,24,22,28,29,13,23,43,44","1,3"
266130,"2,22,29,23,15,25","1,3,28,2"
215670,"2,22,29,18","25,23"
224460,"2,22,28,29,23,43","25,23"
280220,"2,22,23,15,17,44","23,28,2"
3540,"2,41,42",4
258180,"2,22,28,29","1,25,3"
275670,"2,22,29,23","23,2"
298600,"2,22,29,18,23,15","1,23"
282560,"2,22,28,30,23","28,2"
384490,"2,1,9,22,28,29,23,43","1,25,23"
537800,"2,22,28,29,23,25,43","28,2"
218410,"2,22,28,29,30,23,17","23,3,2"
42170,"2,1,9,22,29,23","1,25,23,3,2"
533300,"2,22,29","4,23"
256190,"2,1,22,18",1
418650,"2,31,40",1
275390,"2,1,24,22,28,29,30,23,25,41,42,43,44","1,25,23"
413420,"2,22,28,29,23,41,42",25
480650,"2,1,49,36,22,28,29,23,25,43",28
360640,"2,22,29,23","4,2"
341000,"2,22","4,23,28,2"
378720,"2,22,29","23,3,2"
259680,"2,22,29,30,35,23","25,23,3"
388750,"2,1,49,36,37,24,22,28,29,23,44",1
420530,"2,22,29,18,23","25,4,23"
395170,"2,22,29,18","25,4,23"
635730,"2,22,29,18,23","1,3"
214970,"2,22,18,23,41,42","1,23"
321960,"2,1,22,29","3,2"
317820,"2,22,28,29,23","23,3"
351490,"2,22,29","4,23"
332200,"2,22,28,29,23,25,43","1,25,23"
340050,"2,1,9,38,22,28,29,23","1,25,23,3,28,2"
281920,"2,1,49,37,9,39,24,22,28,29,23,25,44","1,25,23"
208750,"2,22,28,29,13,23,43","1,25,23,3"
296970,"2,22,29,23,15,25","25,23,3,2"
274520,"2,22,28,29,43","1,25,23,3"
462770,"2,1,49,37,22,28,29,13,23,41,42,43,44","1,23,3"
239250,"2,22,28,23,43","1,25"
320040,"2,1,9,24,22,28,29,13,23,41,42,43,44","25,23,3"
248310,"2,22,28,29,23,25,43","1,23"
424370,"2,1,9,38","1,25,23,3"
233610,"2,1,49,36,37,24,27,22,29,13,31,30,18,25,17,44","1,23,9"
405900,"2,22,28,29,23",3
360940,"1,49,36,22,28,29,8","1,23"
243930,"2,22,28,29,23","1,3"
229480,"2,1,9,24,22,28,25,44","1,25,3"
241410,"2,1,9,24,22,28,29,23,25,43,44","1,23,2"
329490,"2,1,49,36,37,9,38,39,24,22,28,29,23,43,44",1
214730,"2,22,29,23,15,25","1,25,3,28,2"
584400,"2,1,49,37,9,39,24,22,28,29,23,25,41,42,43,44","1,25,4"
367580,"2,22,29,23","4,23"
342180,"2,1,49,36,9,38,22,29,31,40,23,25","1,25,23"
241910,"2,22,29,23,41,42","25,23"
226580,"2,1,9,22,28,29,23,25,43","9,18"
227780,"2,1,9,24,22,30,18,23,15,25,17,44","1,23"
398850,"2,22,29,30,23,25","1,25,23"
614570,"2,22,28,23",1
296300,"1,49,36,27,22,29,23,8","1,4,23"
421040,"2,22,29,23","4,23,28"
315460,"2,1,49,36,9,38,22,29,23","1,23,3,2"
340170,"2,22,28,29,23","1,3"
507490,"2,1,49,36,9,38,22,29,23,15,17","23,28,2"
252030,"2,22,29,18,23,25","1,23,3"
318020,"2,1,49,36,9,38,22,29,23","23,2"
265890,"2,22,23","4,23,2"
217690,"2,22,29,23","25,23"
295690,"2,1,49,37,9,39,24,22,28,29,13,23,15,25","1,25,23"
203350,"2,22,29,23,25","3,2"
24420,"2,22,18",23
342580,"2,22,29,23,25","4,2"
289690,"2,1,9,24,22,28,25,43,44","1,25"
427290,"2,22,28,29,23,43","1,3"
597220,"2,22,28,29,23,44","25,23,3"
347430,"2,22,29,23","25,4,23"
353640,"2,22,29,23","1,25,4,23,28,2"
246110,"2,22,28,29,13,23","23,2"
268540,"2,22,29,23,14","25,23"
378540,"2,22,28,29,23,43","1,3"
575550,"2,22,29,23","25,23,3,2"
300570,"2,22,29,13,30,23,25,17","23,28"
559650,"1,49,36,22,28,29,30,23,8,15,17","1,4,23"
207930,"2,1,24,22,28,15,25,43,44",1
412830,"2,22,29,18,23,41,42",25
239120,"2,22,29,18,23",3
617830,"2,22,40,25","1,23"
41900,"2,22,29,18","1,25,3"
269790,"2,22,29,18,23","25,23"
361300,"2,1,49,37,9,39,24,22,28,29,23,25,43,44","1,23"
307230,"2,22,28,29,30,23,25,17,43","4,23,2"
360830,"2,1,49,37,9,39,24,22,28,29,23,15,43,44","1,25,23"
366250,"2,1,9,38,39,22,28,29,25,41,42,43,44",1
15560,"2,22,28,25","1,23,18"
45300,"2,22,18",28
270210,"2,22,28,29,30",23
684410,"2,22,28,29,30,23,41,42,43","28,2"
267490,"2,22,28,29,23","1,25"
321800,"2,1,9,27,29","25,3"
363600,"2,22,29,23","23,28"
235250,"2,22,29,23,25","4,23,2"
281640,"2,22,28,29,13,23,15,25,42,43","23,3,2"
263620,"2,22,28,29,43","1,23"
400910,"2,22,28,29,30,23,25,43,44","1,25,4,23"
507010,"2,22,29,23","1,25,23,28"
434250,"2,1,22,29,18,15,25","1,23"
15750,"2,22","1,25,2"
562220,"2,22,29","4,23"
436320,"2,1,49,36,9,38,27,22,31,40,23","1,23,2"
435400,"2,22,28,29,23,42","25,4,23"
262940,"2,22,28,29,41,42,43",25
589590,"2,22,28,29","73,74,25,23"
250580,"2,22,29,18","1,23,3"
326180,"2,22,29,23","25,4,23"
324310,"2,1,9,27,22,29,30,18,25",28
290770,"2,22,28,29,23,43","1,25,23"
429050,"2,1,22,18","1,23,28,70"
418180,"2,1,9,22,28,29,23,43","1,23,3"
487120,"2,1,20,49,36,22,28,29,23","1,25,23,29,3"
200910,"2,22,28,29,23","23,3"
250560,"2,1,9,24,27,22,28,29,30,23,15,25,17,44","23,3"
247660,"2,22,28,29","1,25"
207750,"2,22","1,4,23"
296490,"2,22,29,23","1,23,2"
543460,"2,1,49,36,22,28,29,23,43",1
575640,"2,22,29","4,23"
71230,"2,18","1,9"
15520,"2,22,25","1,23,18"
329130,"2,22,28,29,30,23,17","1,23,2"
201420,"2,22,28,29,30,23,17,43","25,4,23"
550010,"2,22,29,23,15","1,23,28"
274270,"2,22,29,18","1,25,23"
254200,"2,1,49,36,9,38,27,22,29,31,30,18,15,25,17","25,4,23,3,28,2"
451020,"2,22,28,29,23,43","23,3"
320240,"2,22,28,30,23,43","1,25,23"
215690,"2,1,9,38,22,28,29,23,25","1,23"
435530,"2,22,28,29,13,23,43","1,25,23"
45100,"2,22,29,18,23,25","4,23"
212010,"2,22,18","1,23,28,2"
243450,"2,22,28,29,23,25","1,9,28,18"
350640,"2,22,28,29,23,43","1,25"
460810,"2,22,28,29,23,43",1
355790,"2,1,9,38,22,28,29,23,43","1,25"
249330,"2,22,29,25","23,28,2"
241260,"2,22,28,29,23",25
502520,"2,22,29","23,28,2"
434420,"2,22,28,29,23","1,25,23,3"
299720,"2,1,9,22,29,23","4,23,2"
517710,"2,1,49,36,37,24,22,28,29,23,25,44",9
223810,"2,22,29,18,23,25","1,25,3"
313630,"2,22,28,29,13,31,43","25,23,28"
344910,"2,22,28,29,25","1,25,23"
259530,"2,22,28,25","1,23"
313020,"2,22,29,23","25,23,3"
365360,"2,22,29,23,42","23,3,2"
568570,"2,1,9,38,22,29","1,25,23,3,28,2"
352520,"2,22,28,23","25,4,23"
312840,"2,22,28,29,23","25,3"
111600,"2,1,9,39,22,18,44","1,23"
255320,"22,29,23,14","25,23"
237740,"2,22,28,29","1,25,23"
347830,"2,22,28,29,23,43",3
242820,"2,22,28,29,23,43","1,23"
343780,"2,22,29,23","4,23,28"
345820,"2,22,28,29,23,43","1,25,23,3"
320140,"2,22,28,29,23,15,25","1,4,23,9,28,18"
249590,"2,22,28,29,23,43",23
376300,"2,1,49,36,37,24,22,28,29,23,25,44",1
527430,"2,1,49,36,9,38,22,28,29","1,25,23,3"
312750,"2,22,29,18,23",3
43000,"2,1,22,18,25",1
363440,"2,22,28,29,23,25,43",1
202310,"2,22,18",9
740200,"2,22","1,25,4,23"
311290,"2,1,49,36,47,9,38,48,22,28,29,30,23,17","3,2"
611660,"2,31,40",3
227580,"2,22,29","1,4,23,3"
331440,"2,22,28,29,23,25","1,25,23,3"
248650,"2,22,29,23,15","25,4,23"
530890,"2,22,28,30,23,17","1,23"
351710,"2,22,28,29,23","3,2"
233190,"2,1,9,38,39,24,22,28,29,23,25,43,44","1,23"
251870,"2,29,23",25
425220,"2,1,49,37,22,28,23,25,32,44",1
63940,"2,1,9,23,17",2
80310,"2,22,29,13,23,14","25,23"
237430,"2,1,22,29","23,3,2"
461640,"2,22,28,29,13,23","1,25,23,3"
366090,"2,1,49,36,47,9,38,48,27,22,29,15","1,25,23,2,70"
235380,"2,1,49,36,22,29",2
401190,"2,1,9,22,28,29,25","1,25,23,28"
322910,"2,1,49,36,37,24,27,22,29,35,44","1,23,2"
428900,"2,22,29,15,25","1,4,23"
753420,"2,22,28,29,23","1,23"
306760,"2,22,29,18,23","25,23"
339400,"2,22,29,23,25","4,23,3,2"
259550,"2,22,29,23,41,42","25,4,23,3"
253750,"2,1,24,22,28,29,23,25,43,44","1,23"
216910,"2,22,28,23","1,3"
493900,"2,1,9,27,22,28,29,23,43","28,2"
499520,"2,22,28,29,23,43",25
227080,"2,22,28,23","25,4,23"
606800,"2,22,29,30,23","4,23,28,2"
420740,"2,22,29","25,3"
323060,"2,22,29,23,25","23,3,2"
284460,"2,22,23,25","1,23"
224820,"2,22,28,29,30,25,17","1,23"
357190,"2,1,49,36,37,22,28,23,25,43,44",1
461950,"2,22,29","25,23,28"
201510,"2,1,9,18",9
249630,"2,22,30,18,17","1,25,23,3"
265750,"1,22,28,29,15,25,43","1,23"
456670,"2,22,28,29,30,23,25,43","1,23,3"
340070,"2,22,29","4,23,2"
277890,"2,22,29,18,23","1,25,23"
371200,"2,22,29,30,23","23,3,28,2"
610180,"1,49,37,9,39,22,28,29,23,41,42,43,44","4,23,2"
589360,"2,22,28,29,41,42,43","25,3"
358130,"2,1,22,29,30,23","23,3,2"
520440,"2,1,49,36,37,24,22,28,29,23,25,41,42,43,44",1
303800,"2,1,24,22,25,44","25,2"
282760,"2,22,29","4,23"
258050,"2,1,27,22,29","1,23,2"
394970,"2,22,29,30,23,17","1,23"
227600,"2,22,28,23","25,4"
275200,"2,1,24,22,28,29,23,41,42,43,44","1,25,23"
339200,"2,22,28,29,23,25,43","1,25,23,3"
427250,"2,1,49,36,47,37,9,38,48,22,29,30,23,25,17,44","23,28,2"
421050,"2,22,29,23,41,42","25,23"
363930,"2,22,28,29,43","1,25,4,23,3,28,2"
380020,"2,22,29,18","1,25,23"
265610,"2,22,29,23","25,3"
226620,"2,22,29","25,4,23,3,2"
442070,"1,49,37,22,28,23,41,42,43,44","4,23,2"
343100,"2,22,28,29,13","1,25,4,23,3,2"
395200,"2,22,18","1,25,23"
627270,"2,1,49,36,37,22,28,29,35,23,41,42,43,44",1
91100,"2,1,22,18,23,25","23,9"
239430,"2,22,31,18,23,15,25","1,25,23"
411830,"2,1,22,29,18,23",1
394870,"2,22,29,23,25,17","73,1,23"
296770,"2,1,22,29,23,15,25",18
449800,"2,1,9,38,22,28",1
326480,"2,22,29","25,4,28"
241720,"2,1,9,22,28,29,30,23,25,17","1,23"
296910,"2,28","1,4,23"
523780,"2,22,29,23,15","25,4,23,3,28"
427100,"2,22,30,18,25","4,28"
230270,"2,1,49,37,9,39,24,22,28,29,43,44",1
239800,"2,1,9,39,24,22,28,29,25,41,42,43,44","1,23"
2450,"2,1,22",1
327090,"2,1,20,49,36,37,9,38,27,22,29,8,44","1,25,23,29,3,28"
357780,"2,22,29","1,4,23,2"
383180,"2,1,9,38,22,28,29,13,23,15",1
373930,"2,1,49,36,22,28,29,30,23,25,17,43",2
234900,"2,22,29,23","1,25,23"
333980,"2,22,28,29,23","1,25,4,3"
294810,"2,1,49,37,24,22,28,29,43,44",1
269670,"2,1,24,22,28,29,23,15,25,44","1,25,23"
253110,"2,22,29,23","25,23"
297120,"2,22,29,18,25","1,23"
567290,"2,22,29,25","1,4,23"
330580,"2,1,49,36,9,38,22,29,18,15,25","1,23"
584980,"2,22,28,29,23,43","25,23"
607890,"2,1,49,36,9,38,22,18,23","1,25,4,3"
421120,"2,22,29,23","25,4,23"
385710,"2,22,28,29,23,25","1,25,23"
419480,"2,22,28,29,30,23","1,3,28,2"
673950,"2,1,9,38,39,24,22,28,29,23,41,42,43,44","4,23,28"
264730,"2,22,29","1,23"
393430,"2,1,49,36,27,22,29,23,15,25","23,28,18"
322110,"2,1,49,36,37,9,38,39,24,22,28,29,23,25,43,44","1,23"
458710,"2,22,29,23",2
504210,"2,22,30,23,25,17","23,28"
257170,"2,22,29,30,23","23,3,28,2"
326190,"2,22,29,23","25,4,23"
246760,"2,22,29,30,23,17","25,23,3,2"
391730,"2,1,9,39,24,22,28,29,41,42,43,44","1,25,23,3"
239840,"2,22,29","23,3,2"
301860,"2,22,28,29,23,43",25
209370,"2,22,23",23
513510,"2,1,9,27,22,29,30,23,15,25,17","1,4,23"
360650,"2,22,29,23","4,2"
595520,"2,22,28,29,23",3
399670,"2,22,29,30,23,15,25","23,28"
405710,"2,1,9,38,22,28,29,30","23,3,28"
357070,"2,22,28,29","1,23"
466300,"2,22,29,13,23","25,3"
222440,"2,1,9,39,22,28,29,25,44",1
115120,"2,1,9,38,22,28,13,23,25,43","1,2"
42990,1,2
387340,"2,22,28,29,23","1,3"
15740,"2,22,29,18","1,25,2"
105000,"2,22","25,23"
496890,"2,22,29,23","25,23"
286260,"2,22,29",25
407330,"2,22,28,29","25,23,3"
322770,"2,22,31","1,25,3"
386620,"2,1,9,39,24,22,28,29,23,43,44","1,23,28,2"
289930,"2,22,29,23","4,28,2"
233230,"2,22,29,18,23","25,23"
92300,"2,22,29,18,23","1,23"
677120,"2,1,9,38,22,29,30,18,23,17","1,23,3"
484950,"2,22,29,30,18,23","1,25,23,3,2"
314710,"2,1,49,36,9,38,22,28,29,43",1
623940,"2,22,29","25,23,3"
62100,"2,22,18,15,25",4
383230,"2,1,9,39,24,22,29,18,44","1,25,23,3"
598330,"2,22,28,29,30,23,17","4,23,28,2"
268400,"2,1,27,22,23,17",2
313010,"22,29,30,23",28
743450,"2,1,49,36,37,24,22,29,18,41,42,44","23,28"
532110,"2,22,29","25,23"
318100,"2,1,49,36,47,22,29,18,23,15","1,4,37,23,29,2"
582270,"2,22,28,29,13,23,15,43","4,23,3,28"
382900,"2,22,28,29,23",3
615610,"2,22,28,29,23,25","1,4,23"
351910,"2,22,29,18,23","23,28,2"
220460,"2,22,29,18","1,23"
422970,2,"1,23"
327070,"1,20,49,36,9,38,22,29,35,15","1,25,23,29,3,28,70"
304410,"2,22,23","4,23,2"
275530,"2,22,29,25","1,2"
281610,"2,1,22,29,23,15,25",2
373770,"2,22,29,18","23,3"
327860,"2,1,9,38,22,29,18,23","1,25,23,3"
310060,"2,22,28,29","25,23,3,28,2"
473770,"2,1,49,36,47,37,24,27,22,28,29,30,23,25,17,44","1,23,9"
252470,"2,22,28,29,23,15","1,25,23,3,28,2"
310510,"2,1,22,28,29,30,23,25,17","1,25,23,3,2"
314830,"2,22,29,23","25,23,3,2"
663390,"2,1,49,36,47,37,9,38,39,24,27,22,28,15,25,17,44","4,23,29,2"
338390,"2,22,28,29,23,43","1,3"
263740,"2,1,22,29","1,23,3,18"
214590,"2,22,29,18,23","1,23"
606150,"2,22,28,29,23,41,42,43","1,25,23"
388060,"2,22,28,29,23,25,43","23,2"
509220,"2,22,29,25","4,23"
283680,"2,22,28,29","1,23"
611670,"2,22,28,31,40,23",3
264300,"2,9,22,28,29,23,25","1,25,23,3"
586140,"2,1,49,36,37,24,22,28,29,23,44",1
268650,"2,1,49,36,9,38,22,29,13,30,18,25,17","1,25,23,28,2"
503350,"2,1,49,36,9,38,27,22,28,29,23,43","1,25,23,2"
203210,"2,22,29,18,23,25","1,4,23"
569860,"2,22,28,29,13,23,41,42,43","25,23"
244430,"2,22,29,41,42","25,23"
485380,2,"71,72,73,74,23,28"
366320,"2,22,28,29,23","25,23"
287260,"2,1,22,28,29,31,23,25,43",9
348550,"2,1,49,36,37,24,22,28,29,23,25,44",1
271900,"2,22,23","4,23,2"
440650,"2,22,29,23","23,28,2"
269490,"2,22,28,29,23,25","1,25,4,23,3,2"
371970,"2,1,9,38,48,27,22,29,30,18,17","1,25,23,3"
538100,"2,1,9,38,48,22,28,29,23","1,25,23,29,3,28"
310470,"2,1,22,28,29,23,15,43","28,2"
230070,"2,22,29,23","23,3"
250700,"2,22,28,29,25,43","1,23"
222420,"2,1,49,37,22,28,29,25,44",1
259740,"2,22,29,23","25,4"
356400,"2,22,28,29,23,25,43","1,23"
284850,"2,22,29,23",4
503940,"2,22,28,29,30,23,43","28,2"
360150,"2,22,28,29,23,25","1,25,3"
274500,"2,22,28,29,23,17","1,23"
399820,"2,1,49,36,37,9,39,24,22,28,29,23,25,44","1,23,18"
328760,"2,29,13,23","1,25,4,23,3,2"
353550,"2,22,29,13,18","25,23"
235360,"2,22,29,15","4,23,3,2"
508190,"2,22,28,29,23","1,25,23,3"
310790,"2,1,24,22,28,25,44",1
466500,"2,22,29,18",23
273500,"2,1,49,36,37,9,38,39,24,22,28,29,30,23,15,25,17,44","1,23"
524580,"2,22,28,29,23","25,3"
504230,"2,22,28,29,23,41,42,43","1,25,23"
635260,"2,1,49,36,9,38,22,28,29,30,41,42","29,9,28,18"
552590,"2,22,28,29,23,43","25,23"
289520,"2,22,23,25","3,2"
544330,"2,22,28,29,23,25,43","25,4,23"
381780,"2,22,23","25,23,2"
371420,"2,1,24,22,28,29,23,25,44","23,9,28,18"
223510,"2,22","1,25,23"
301190,"2,22,29,23,25","1,4,23"
396790,"2,22,29,23","4,23"
270130,"2,22,31,40,23","25,4,23"
255300,"2,22,28,29,23","25,23"
499440,"2,22,29,23","4,23"
361990,"2,22,29,18",23
404680,"2,22,28,23,43","1,25,23"
558990,"2,22,30,23,25,17","23,28"
369580,"2,22,29",4
261530,"2,22,28","1,25,23"
452060,"2,1,9,39,24,22,28,29,23,15,25,41,42,43,44","1,25,23"
580200,"2,22,28,29,13,23,43","25,23"
278890,"2,18","1,23"
233550,"2,22,28,23","1,25"
400180,"2,22,28,29,23","1,23,2"
314520,"2,1,22,28,23,25,43","28,18"
351920,"2,22,29,30,23,17","28,2"
296830,"2,22,28,29","1,25,23,28"
11280,"2,1,49,36,29","1,4,23"
212030,"2,1,24,22,18,23,44","1,23"
515040,"2,22,29","1,4,23,28,2"
23530,"2,1,9,22,28,23,15,43",1
45400,"2,22,29,25",23
244030,"2,1,9,22,29,30,18",28
318230,"2,22,28,29,30","1,25,23,3,2"
677160,"1,9,38,22,29,18,23","25,4,23"
394760,"2,1,9,22,28,29,43","1,23,3"
296710,"2,22,28,31,43",23
441790,"2,22,18","1,23,3"
404540,"2,1,9,39,24,22,28,29,23,41,42,43,44","1,23"
416210,"2,22","23,28,2"
506500,"2,1,49,36,37,24,27,22,28,44","1,4,23"
205990,"2,1,22,29,30,23",2
255280,"2,22,29,23","25,23"
591420,"2,22,29","4,23"
453090,"2,1,9,38,22,29,30,23,15,17","4,23,28,2"
359390,"2,22,29,18,23",25
502800,"2,1,22,29,18,23",1
521890,"2,22,28,29,43","25,23,2"
330820,"2,22,28,29,23,41,42,43","25,23"
227200,"2,22,28,23","1,25,23"
312780,"2,22,29,18,23","1,25"
10220,"2,22",1
553790,"2,22,29","25,23"
250520,"2,22","23,3"
597170,"2,1,49,36,9,38,27,22,28,13,30,23,17","1,23"
469610,"2,22,29,40","25,23,28"
282400,"2,1,49,36,47,22,17","28,2"
227000,"2,22,29,13,23,14","25,23"
674750,"2,1,49,36,37,9,38,39,24,22,28,29,30,23,25,43,44","1,23"
203650,"2,18",25
253330,"2,22,28,29,13,23,43","1,25,23"
304530,"2,22,28,29,13,23,43",1
246840,"2,22,29,23,25","1,25,3"
530070,"2,22,28",28
301200,"2,22,29,23,25","1,4,23"
302610,"2,22,28,29,25","1,23"
445190,"2,22,29,23","23,3,2"
284770,"2,22,29,23","25,4"
411370,"2,1,49,36,37,24,22,28,29,23,25,44",1
557600,"2,22,29,23","25,4,23"
216110,2,"1,23,2"
300060,"2,22,28,31","25,23"
257050,"2,22,29","1,25,23"
302710,"2,1,24,22,28,29,31,23,25,44","1,23,9"
632350,"2,1,49,36,22,28,29,23,43",3
455400,"2,1,49,37,9,39,24,22,28,29,23,25,44",1
385240,"2,22,29,30,17",28
296070,"2,22,28,29,31,23","25,23,2"
250050,"2,22,28,29,23","1,25,4,23"
454060,"2,22,29,30,23,15,25,17","4,23,28"
464340,"2,22,29,18",25
675260,"2,22,28",25
299480,"2,1,9,38,39,24,22,28,29,43,44","1,23"
319050,"2,1,9,27,22,28,29","23,3,2"
225360,"2,22,29,18,23","1,3"
390340,"2,1,49,36,22,28,29,23,25",1
470260,"2,22,29,23","25,23"
511680,"2,22,29,18,23",1
80330,"2,22,29,13,23,14,41,42","25,23"
282530,"2,22,28,23,25","1,25"
346560,"2,22,29,23,41,42","25,4,23,3"
252450,"2,22,29","23,2"
567280,"2,22,29","1,4,23"
404590,"2,1,9,38,24,22,28,29,23,44","1,3"
411560,2,"4,23"
269650,"2,22,28,29,13,43","1,25,23,3"
340730,"2,22,29","4,23,28"
285440,"2,1,24,22,28,29,23,25,44","1,23"
274230,"2,22,28","1,23"
583760,"2,22,29,25","1,4,23"
230840,"2,22,29,13,18","1,25,4,23"
816090,"2,1,9,38,22,28,23","1,25"
327510,"2,22,28,29,13,23","1,23,3"
633460,"2,1,49,36,22,28,29,23,25","1,23,28"
500260,"2,1,49,36,37,9,38,39,24,22,30,18,23,17,44","1,23"
229580,"2,22,29,18,23","25,23"
208400,"2,22,23,15","23,3,2"
251630,"2,22,28,23,17",23
280520,"2,1,49,36,9,38,27,22,28,29,30,23","1,25,23,3"
343860,"2,22,28,29,23,43","25,23"
405820,"2,22,28,23,43","1,25"
437570,"2,22,28,29,25",23
3620,"2,22,15","1,4"
460120,"2,22,28,29,23,43","3,2"
365960,"2,1,49,36,47,9,38,48,22,30,18,23,15,17","9,28,18"
288060,"2,22,28,29,13,43","25,23"
486780,"2,22,15,25","1,4,28,18"
242840,"2,22,28,29,13","1,25,23,3"
262390,"2,22,28,29,30,23,25,17","1,25,23"
440630,"2,22,31","1,23"
340490,"2,22,28,29,23,25,43",23
337150,"2,1,9,38,39,24,27,22,29,30,23,44","23,2"
311870,"2,22,28,29,13,23,25","1,23,3"
577940,"2,1,49,36,37,24,22,28,35,23,44",1
252010,"2,22,29,13,18,23,25","1,23"
250110,"2,1,9,39,24,22,28,29,23,25,41,42,43,44","1,23"
455980,"2,22,29,30,23","23,28,2"
269050,"2,22","25,23"
320340,"2,22,29,23","25,23,28,2"
339230,"2,22,29,18","1,25"
567640,"2,22,28,29,23,41,42,43",25
253840,"2,22,28,29,23,43","1,25,23"
355800,"2,1,22,29,23","23,2"
593280,"2,22,28,29,23,43","1,25,4,23,3"
570460,"2,1,49,36,37,9,38,39,24,22,28,35","1,23,18"
271820,"2,22,29","25,4,23"
647830,"2,1,9,24,22,28,41,42,43,44",1
261470,"2,22","28,2"
540840,"2,22,28,29,23,41,42,43",25
329440,"2,22,28,23,25",25
433530,"2,1,20,49,36,9,38,27,22,29,18","1,23,29"
357310,"2,1,49,36,9,38,22,29,30","23,28,2"
505170,"2,1,22,28,29,23,25,43",1
599460,"2,22,29,23","25,4,23,3,28"
284710,"2,22,29,23","25,4"
477770,"2,1,49,36,24,22,29,18,23,44","9,28,18"
382140,"2,22,29","25,23,28"
384630,"2,29,13","25,23"
568090,"2,22,29","1,23"
250380,"2,22,28,29",23
284830,"2,22,29,23","25,4"
487430,"2,22,29","4,23"
511740,"2,22,29,23","1,25"
262120,"2,1,9,22,28,29,23,25","1,4,23,28,2"
441830,"2,22,28,29,23",3
426790,"2,22,28,29,23,43","25,4,23"
400630,"2,1,9,39,22,28,29,23,43,44","1,25,23,3"
324570,"2,22,18,23,25",1
543900,"2,1,49,36,9,38,22,28,13,23,15","1,25,2"
343440,"2,1,27,22,28,29,23,25","1,4,23,9,28"
314790,"2,22,28,29,23","25,23"
262260,"2,22,29,18","1,23"
358090,"2,22,28,29,23,43","25,4,23"
413710,"2,1,29,30,23","1,25,23,3,2"
422810,"2,1,49,36,37,9,38,39,24,27,22,28,29,23,44","1,23,3"
322210,"2,1,49,37,9,39,24,22,28,29,23,44","1,23"
280180,"2,1,49,36,9,38,27,22,28,31,30,23,15,25,17,43","1,25"
249680,"2,22,28,25","1,25"
382050,"2,1,49,37,9,39,24,22,29,23,44","1,25,23,3"
406290,"2,1,49,36,37,27,22,35,15,32","28,2"
645090,"2,22,29","4,23"
270630,"2,22,28,29","1,4,23"
279800,"2,22,29,23","25,4"
610360,"2,22,29","4,23"
333250,"2,22,29,18","1,25,4,23,3"
319480,"2,22,29,18","1,23"
442780,"2,22,29,18,25","1,23"
329860,"2,22,28,29,23,25,43","1,4,23,28"
330390,"2,22,29,18,23","25,3"
717640,"2,22,18","4,23,28"
416680,"2,22,29,30,23,17","1,23,2"
402020,"2,22,28,29,43",25
374900,"2,22,28,29",25
415420,"2,22,29,25","1,4"
226100,"2,1,9,24,22,28,29,23,25,43,44","1,4,23,2"
720280,"2,22,29,23","25,4,23,3"
230860,"2,1,22,28,29,23,25,43","1,25,23,2"
384360,"2,22","4,23"
211340,"2,22,29,18","25,23,3"
9940,"2,22,29,18,23","1,25"
703700,"2,22,29,23","25,23,28"
491530,"2,30,18","1,4,28"
285740,"2,22,29,23","4,23,28"
377900,"2,22,29,30,15,25","4,23,28,2"
312520,"2,1,49,37,22,28,43,44","1,25,23"
352550,"2,22,29,23","28,2"
433910,"2,22,28,29,23,15,25","1,23"
510510,"2,1,9,39,24,22,28,43,44","28,18"
284750,"2,22,29,23","25,4"
384110,"2,22,28,29,23","1,25,23,3"
571310,"2,22,28,29,23,43","1,25,23"
345660,"2,1,24,22,29,18,23,44","9,28,18"
284390,"2,22,29,13","25,23"
540610,"2,22,29,23,25",4
269170,"2,1,49,36,9,38,23","4,23,28,18,2"
327410,"2,22,29,18,23","25,23,3"
323720,"2,22,29,23","25,23"
639780,"2,22,29,18,23","1,4,23"
219950,"2,22,18",25
281220,"2,22,28,29,23,25,43",1
583470,"2,22,28,29,30,23,43","1,25,23"
558420,"2,22,23","25,23"
664430,"2,1,9,39,24,22,28,23,43,44","28,18"
290890,"2,22,23","1,4,23,3,2"
326670,"2,22,29,15","3,2"
369070,"2,22,28,29,25,43","1,23"
228360,"2,22,28,29,23,43,44",25
359900,"2,1,9,22,28,29,23,15,25,43","1,25,23,3"
353700,"2,1,9,39,24,22,28,29,23,43,44","1,25,23"
571260,"2,1,49,36,37,24,22,28,29,23,15,25,44",1
635200,"2,1,9,38,22,29,23","25,23,2"
256330,"2,1,22,18,23",9
266310,"2,1,17","51,53,54,56,57,60"
334420,"2,22,29,23,25","25,23,3,2"
411960,"2,22,28,29,23,25","1,25,23"
346180,"2,22,29,18,25","1,23"
457960,"2,22,23,15,25","1,23,28,18"
410850,"2,22,28,23,43","1,3"
635320,"2,22,28,29,43","25,23"
489140,"2,22,28,29","1,25,23"
604450,"2,22,23","25,23"
499660,"2,1,49,36,9,38,22,29,23,17","1,23,28,2"
380220,"2,1,9,22,29,31,40,23,15,25","1,25,23"
281750,"2,22,28,29,23","25,4,23"
314810,"2,22,29,18","25,23"
274350,2,"25,23"
407810,"2,22,28,29,43","1,25"
318530,"2,22,28,29,15","1,25,23"
386590,"2,22,29,15,25","25,23,3,28,70"
331870,"2,22,28,29,23","25,23"
234270,"2,22,28,29,23,43","25,4,23"
417290,"2,22,28,23,43","1,25,23,3"
310890,"2,22,28,29,15,25","1,23,3,2"
322520,"2,1,24,22,18,23,25,44",1
271360,"2,22,23","28,2"
427820,"2,22,28,29,23",2
209950,"2,29","4,23,2"
314070,"2,1,49,37,9,39,24,22,28,29,23,15,25,44","23,28,18"
311260,"2,1,49,36,9,38,22,23","3,28,2"
333640,"2,22,30,18,25,17","25,23,3,2,70"
11340,"2,22","1,23"
337340,"2,22,29,23","25,23,3"
275180,"2,22,28,29,23,43","25,4,3"
578330,"2,1,24,22,28,23,41,42,43,44",1
350740,"2,1,9,39,24,22,28,29,23,15,25,43,44","1,23"
323380,"2,22,29,18,23","1,25,23,28,2"
588040,"2,22,28,29,23","25,4,23"
257990,"2,22,28,29,23,25","4,23"
371520,"2,22,29","23,28,2"
401680,"2,1,49,36,9,38,27,22,28,29,23","1,23"
256370,"2,1,22,18,23","9,28,18"
235320,"2,1,49,36,47,9,38,48,22,13,23","23,2"
248630,"1,9,22,28","1,23,3,70"
407560,"2,22,29,13,15","1,23,3"
497180,"2,22,29,30,23","9,28"
282590,"2,1,9,27,22,29,30,23","23,2"
471330,"2,1,49,36,9,38,39,24,27,22,28,29,23,25,44","1,23"
281940,"2,22,28,29,23","1,25,23"
382890,"2,22,29,18,23",3
324160,"2,22,29,23","25,4"
253290,"2,1,22,29,18,15,25","1,23"
585690,"2,22,28,29","1,25,4,23"
776490,"2,22,29,18,23","1,25,23,3"
348710,"2,1,22,28,29,23,25,43",1
342300,"2,1,27,22,29,30,18","1,23"
758190,"2,22,23","25,4,23,3,28,2"
501320,"2,22,29","23,28"
390520,"2,1,24,22,28,29,13,23,15,25,44","1,25,23"
438480,"2,22,29,23","1,25,4,2"
493200,"2,22,28,23",25
296570,"2,22,29,30,23,15,25",3
495280,"2,22,28,29,23",3
588950,"2,22","25,3,28"
493840,"2,1,49,36,22,28,35,23,15,25,43",1
434260,"2,22,29,25","4,28"
465240,"2,1,49,36,9,38,40","1,23"
591370,"2,22,29,30,23","23,28,2"
269730,"2,1,18,17","28,18"
342560,"2,1,49,36,47,9,38,48,27,22,30","1,23,2"
365160,"2,22,28,43","25,23"
283160,"2,22,28,31,25","1,23,28"
744190,"2,22,29,23","25,23"
346810,"2,22,29","23,28,2"
612470,"2,1,49,36,22,23,25,17","23,28,2"
33680,"2,22,29,18,25",23
539720,"2,22,28,29,23,25","4,23,9"
335000,"2,22,29,23","25,4,23"
552700,"2,22,28,29",3
302790,"2,22,29,18","1,23"
718670,"2,22,29,30,23,42","23,3,28"
501590,"2,1,9,38,22,28,29,23,15,25,43","1,25"
247140,"2,22,28,29,15,25,17,43,44","4,23"
71260,"2,1,9,18",1
351990,"2,1,22,28,29,23","4,23,9"
425210,"2,22,28,29,30,17","1,25"
348470,"2,1,9,39,22,18,25,44",1
222640,"2,22,29,23","25,2"
504050,"2,22,29,30,23","1,25,23,28"
344770,"2,22,29",23
217100,"2,22,28,29,23","1,25,23"
262960,"2,22,29,18","1,25,23,3"
307050,"2,22,28,29,23","25,4,23"
431180,"2,1,9,22,29,18","23,3,28"
496810,"2,1,49,36,9,38,22,28,29,23",1
305380,"2,1,24,22,29,18,23,25,44",1
261700,"2,22,29,18,23","1,25,4,23"
299250,"2,22,29",28
374030,"2,22,28,29,13,23,43","25,4,23"
402330,"2,22,28,29,15,25","1,23"
370910,"2,22,29,23","25,23"
269270,"2,22,28,29,25,17","1,23"
515180,"2,1,9,38,22,28,29",28
269310,"2,22,29,23","1,25,23,3,28,2"
431600,"2,1,22,18","9,28,18"
339350,"2,22,13,23","23,3"
366910,"2,22,28,29,23,43","23,3,28,2"
562360,"2,22,28,29,23","1,4,23"
564230,"2,1,49,36,37,24,22,30,18,23,41,42,44","28,18"
461620,"2,22,29,23","23,28,2"
538680,"2,22,29,18,23,25",3
463270,"2,22,28,29,23,43","1,25,23"
357300,"2,22,29,18,23",23
551110,"2,22,29,23","4,23"
254460,"2,1,24,22,18,23,44","1,25"
380150,"2,22,29,13","25,23"
546050,"2,1,49,36,37,24,22,28,29,23,25,41,42,43,44","1,4"
432100,"2,22,29,18,23","25,4,23"
384740,"2,22,28,29,31","25,23"
266490,"2,22,28,29,15,25","25,23,3"
260160,"2,22,29,13,18,23","1,25,23"
303790,"2,22,28,29,23",3
240600,"2,1,22,28,23","9,28,18"
356050,"2,22,28,29,23,15,43","25,23"
226560,"2,22,28,29,43",25
359230,"2,22,29,23","23,28,2"
720250,"2,22","23,28,2"
613730,"2,1,22,29,18","1,25,4,28"
566160,"2,22,29","4,23"
544550,"2,1,9,38,48,22,30,18,23","1,23,28,70"
392580,"2,1,9,22,29","1,23,3,2"
446790,"2,22,28,29,23","1,25,23,3"
285800,"2,22,28,29,23,25,41,42,43","25,4,23,3,2"
401710,"2,22,28,29,23,25,43","1,25,23"
355980,"2,22,30,23,17","23,2"
535520,"2,1,49,36,37,24,28,43,44","1,4,23"
527270,"2,22,18",3
403120,"2,1,24,22,29,44","25,4,28"
631510,"2,22,28,29,43",1
599750,"2,22,29","23,28,2"
292500,"2,22,28,29,43","1,25,23"
544610,"2,1,49,36,9,38,22,29,18,23",2
452510,"2,1,49,36,37,24,22,28,29,23,25,44",1
838310,"2,22,29,18,23",1
559210,"2,22,29,23","25,23,3"
551730,"2,1,9,38,22,29,18,23",1
595140,"2,22,28,29,13,23,43","1,23"
263200,"2,1,49,36,9,38,22,29,23","1,25,4,23,3,70"
340000,"2,22,28,13,23,43",1
588690,"2,22,28,29,23,25","4,23,28"
22310,"2,1,22,23,25",1
344740,"2,1,49,37,9,39,22,28,15,25,43,44","1,25,23,2"
403970,"2,22,28,43",3
320820,"2,22,28,29,23,43","25,23"
449960,"2,22,28,29,13,23,15,25,43","1,25,4,23,3"
418950,"2,22,29,18,23","25,23"
502280,"2,22,28,23",1
294140,"2,22,28,29,23","1,25,23"
397270,"2,22,29,23",25
555880,"2,1,49,36,9,38,23","1,23,3,2"
817510,"2,22,28,29,13,23","1,23"
466860,"2,29,23,15,25,14","23,3,28,2"
324260,"2,1,49,36,27,22,29,30,23","1,23,3,28,2"
520720,"2,22,28,23,14,43","25,4,23"
620590,"2,1,49,36,9,38,22,28,29,30,23,43",2
440730,"2,1,9,22,28,29,15,25","1,25,23,28"
609150,"2,22,28,29,23","1,3"
386480,"2,22,29,18,23,41,42","25,4,23,28,2"
434050,"2,1,49,36,9,38,22,29,30,18","1,25"
535480,"2,1,9,39,22,28,29,23,41,42,43,44","1,25,23"
598700,"2,22,28,29,23,42","1,25,23,3"
358750,"2,22,29","23,3,28,2"
415480,"2,22,28,29","3,2"
262000,"2,22,29,13,23,15",25
248330,"2,1,49,36,27,22,29,18,25","1,23,9"
484900,"2,22,29,23","23,28,2"
377860,"2,1,24,22,28,29,23,25,43,44",1
405830,"2,1,49,36,24,22,18,23,44","1,25"
223330,"2,22,29,23",3
407300,"2,22,29,13",23
429620,"2,1,49,36,27,22,28,29,30,23,15,25,17","23,3,2"
339580,"2,22,29,23","25,23,3,2"
414740,"2,1,49,36,9,38,22,29,18","1,25,3"
457210,"2,22,29,13,30,23,15,25,17","1,23,9"
307580,"2,22,29,13,23,14","25,23"
553210,"2,22,29,23","1,3,2"
451760,"2,22,29,18,23","4,23"
485980,"2,22,29","23,2"
487720,"2,22,18,23,25","1,25,23"
346730,"2,1,9,22,28,29,23,15","1,4,23"
587430,"2,22,29",25
489360,"2,22,29,23","1,25,23,28"
355130,"2,1,24,22,29,18,23,44","9,28,18"
388800,"2,22,29,18,23,25","1,23"
367570,"2,22","1,23"
495140,"2,1,49,37,22,28,23,15,25,44","1,25"
355050,"2,1,24,22,28,29,23,25,43,44","1,23"
696170,"2,1,49,36,22,29,18,23,25",1
375530,"2,1,49,36,37,9,39,24,22,28,29,30,23,17,43,44","23,28,18,2"
636150,"2,22,28,29,23,25","1,25,4,23"
502820,"2,22,28,29",25
409100,"2,22,29,18,23",23
253150,"2,22,29,30,23,15,17","1,23,3,2"
496620,"2,22,29,23,25","1,23"
619780,"2,1,49,37,9,39,24,22,28,23,41,42,43,44","1,25,23,3"
609320,"2,22,28,29,23,43","1,25,23"
733990,"2,22,23","4,28"
501080,"2,22,28,29,23",28
574050,"2,1,49,36,22,28,29,23","1,3"
364930,"2,1,49,36,27,22,29,23,25",4
314980,"2,1,49,36,22,29,30,23,17","23,28,2"
598960,"2,1,49,36,9,38,22,30,23,15,17","23,28,2,70"
301650,"2,1,22,29,30,18,23","1,2"
442500,"2,22,29","4,23,3,28,18,2"
255390,"2,22,28,23,43",25
525480,"2,22,28,29,43",3
663380,"2,22,29,23,44","25,3,2"
311240,"2,22,28,29,23",25
530390,"2,22,29,18,23","4,23,2"
375480,"2,1,9,39,24,22,28,23,15,43,44","1,25,23,3"
349220,"2,22,29","25,23,3"
363130,"2,1,9,22,29,18,23",1
368650,"2,22,28,29,23","25,23"
396480,"2,22,23","1,23,28,2"
477870,"2,22,28,29,23","25,2"
621830,"2,1,49,36,37,24,22,28,29,23,43,44",9
251290,"2,22,29,18,23",3
365810,"2,1,49,36,22,28,29,13,23,15,25,43","1,25,4,23,28"
319250,"2,22,28,29","1,25,23,3"
422900,"2,22,23,15,17,44","23,28,2"
570780,"2,22,29,23",3
388080,"2,22,29,23",57
588970,"2,22,29","4,23"
430210,"2,28,43","1,23"
312540,"2,22,29,18,23,25","1,25,3"
248970,"2,22,28,29","1,23"
541300,"2,1,49,36,47,9,38,48,22,28,15,41,42","1,25,23,29,28,70"
420930,"2,1,49,36,9,38,22,30,18","25,4,23,70"
483980,"2,22,29,18,23","25,23"
322680,"2,22,28,29,13,23,15","1,25,23"
543140,"2,22,29,23","4,23,28"
272600,"2,22,29","25,23"
576770,"2,22,29,30,23","25,4,23,3,2,70"
351100,"2,1,49,36,9,38,27,22,28,29,23,43","1,25,23,3,28"
511470,"2,22,29,23","4,23"
504130,"2,1,9,39,22,28,29,23,43,44","25,23"
658560,"2,22,29","4,23"
695920,"2,22,18","25,4,3,28,2"
637670,"2,1,49,37,9,39,22,29,18,44","1,3"
361550,"2,22,28,29,23,15","25,23"
451840,"2,1,9,38,22,25","1,23,2"
395570,"2,1,49,36,9,22,29,13,23,25,14","1,25,4,23,29,3,2"
658980,"1,20,49,36,22","1,23,29,3,70"
617160,"2,28,43","25,23"
378660,"2,22,28,29,23,43",25
746930,"1,20,49,36,22","23,29,3"
543260,"2,22,28,29,23,43","1,25,23"
646200,"2,1,9,22","1,23,3"
417880,"2,22,28,13,23,43","25,4,23"
339190,"2,22,29,23","25,23"
314150,"2,1,9,24,22,28,29,23,25,44",1
650000,"2,22,31,23",1
741260,"2,22,23","4,23,28,2"
637100,"2,22,28,23,43","1,25"
370020,"2,22,29,25","1,23,3,2"
671440,"2,23","23,28,2"
406970,"2,22,29,18","25,23"
416600,"2,1,9,38,39,24,22,28,29,23,43,44","1,25,23,3"
577230,"2,22,29,30,23","23,28,2"
553260,"2,22",2
534370,"2,22,28,29,30,23,43",28
589780,"2,22,29","25,23"
293220,"1,22,28,29,30,15,25,43","1,23"
252550,"2,22,29,31,30,18,17","25,4,23"
512790,"2,22,29,13,18,23","25,23"
467930,"2,22,28,29","1,4,23"
262550,"2,22","1,23"
555950,"2,22,29,18,23,41,42",1
665090,"2,22,28,29,13,23,15","1,25,23,3"
317510,"2,22,29,25","1,4"
523000,"2,22,29",28
570770,"2,22,29,23",3
333300,"2,22,29","25,23,3,2"
381020,"2,1,9,39,24,22,28,30,23,43,44","1,23,28"
587450,"2,18","23,28,70"
327670,"2,22,29,23","23,3,2"
628890,"2,22,29,23",28
488280,"2,1,24,22,28,29,44","4,23"
418040,"2,22,29,25,17","4,23"
394450,"2,22,29,23","1,25,3,2"
432010,"2,22,29,18,23","4,23,3,28"
408410,"2,1,9,39,24,22,28,29,30,23,25,17,43,44","1,23,2"
415590,"2,1,49,36,9,38,22,28,29,43",1
326340,"2,1,49,36,37,9,38,39,24,22,28,29,23,44","1,25,18"
321270,"2,1,9,38,22,29,18,23",1
684580,"2,1,49,36,9,38,22,29","25,23,3,28,2"
611980,"2,22,29","4,23"
485890,"2,22,29",28
552450,"2,1,49,36,9,38,22,28,23,25","1,23"
457730,"2,1,49,36,37,24,22,28,29,43,44","1,23,2"
502770,"2,22,29,23","4,23,28"
265810,"2,22,30,23","4,23,28,2"
248800,"2,22,18","25,4,23,3"
702890,"2,1,49,36,37,24,22,28,29,23,25,44",1
299680,"2,22,23","25,4,23"
316720,"2,22",4
393980,"2,22,29,23",4
427030,"2,22,29,18,23",3
503580,"2,22,29,40","1,25,4,23"
305940,"2,22,29,23,15","23,28,2"
619880,"1,49,36,22,28,29,23","1,23"
340520,"2,1,9,39,24,22,28,29,23,25,44","1,23"
440880,"2,22,28,29,23,43","25,23,3"
502940,"2,22,29,18","4,23"
288140,"2,1,9,27,22,28,30,35,23,17","23,28,18,2"
393520,"2,22,28,29,23,43","1,25,23"
324510,"1,20,49,36,9,38,27,22,28,43","1,25,23,29,3"
612930,"2,1,49,36,37,24,22,28,29,44","1,23"
656200,"2,22,30,23","23,28,18,2,70"
550080,"2,1,49,36,9,38,22,29,18,23",1
383270,"2,22,28,23,43","25,23"
342310,"2,1,49,37,9,39,24,22,28,44","23,28,2"
541570,"2,22,28,29","25,23"
555150,"2,22,28,29,23,14,43","25,23"
410890,"2,22,29,23",25
495050,"2,22,28,29,25,43",1
257690,"2,22,29,13","25,23"
223410,"1,20,22,29","23,29,3"
494230,"2,22,29,23","25,4,23,28"
407310,"2,29","1,4,23,28"
628770,"2,22,28,29,30,23,15,25","23,3"
313780,"2,22,28,29,23,43","25,23"
416770,"2,22,23","4,23"
433100,"2,22,28,29,31,23,43","25,23"
543870,"2,1,49,37,22,28,23,15,25,44","1,25,2"
506730,"2,1,9,27,22,28,29","1,23"
711660,"2,22,29,23","25,4,23"
240440,"2,22,30,23,15,14","1,25,23"
505640,"2,1,49,36,37,24,27,22,23,44","23,2"
455120,"2,1,49,36,9,38,22,29","1,25,23"
552440,"2,22,30,23,17","1,25,23"
242130,"2,1,22,28,29,30,17","1,23,28"
262790,"2,22,29,18,23","1,23,3"
467660,"2,22,28,23","73,74,25,3"
431260,"2,22,29,23","25,23"
288120,"2,18,23","25,23,3,2"
282050,"2,1,22,18,23,25","9,28,18"
270270,"2,22,28,23,15","1,23,3"
353090,"2,1,9,24,27,22,28,29,23,15,25,44","1,4,23"
550840,"2,22,28,29,23","1,25,23,3"
402130,"2,1,49,36,22,28,29,25,43",9
680360,"2,22,29,18,23","1,25,23,3"
457760,"2,22,28,29,23",1
578850,"2,22,29,30,18,23,15,25","1,23"
474210,"2,22,28,29,30,23,25,17","1,23"
525510,"2,1,49,36,37,9,38,39,24,27,22,28,15,43,44","1,25"
476240,"2,22,29,23","4,23,2"
319140,"2,22,18,23","1,23"
636450,"2,22,28,29,40,23,25,43","1,4,23"
458730,"2,22,29,18,23",3
431650,"2,22,28,29,23","1,25,23"
571530,"2,22,28,29,23","1,3"
389510,"2,1,49,36,24,27,22,28,29,44","1,4,23,9,28,18"
562410,"2,22,29,18,23","1,25,4,23,28"
299950,"2,22,28,29,23","1,23"
453340,"2,22,23","4,23"
523210,"2,22,29","4,23"
448370,"2,22,29,23,25","1,23"
373390,"2,22,23,44","25,23,3,2"
251270,"2,22,28,29,23","25,23,3"
610960,"2,22,29,18,23","1,25,23,3"
318130,"2,22,28,29,23,15","23,3"
564050,"2,1,49,37,9,39,22,28,29,25,41,42,43,44","1,25,23"
723090,"2,22,28,29,23",3
293520,"2,22,28,23,25","23,28"
326150,"2,22,28,29","1,23,3"
477740,"2,22,29,18,23",25
480640,"2,22,29,35","3,2"
607880,"2,1,49,36,9,38,22,28,23",3
447290,"2,1,9,39,22,28,29,23,44","1,23"
346470,"2,1,49,36,37,9,38,39,24,22,18,23,15,44","28,18"
691690,"2,1,49,36,22,29,13,23","25,23,3,2"
524850,"2,22,29","25,23"
388320,"2,22,29,13","1,25,23"
389170,"2,22,28,29,13,23","25,4,23"
587000,"2,22,29","1,23,2"
603260,"2,22,29,23,25","1,4,23,28,18"
311010,"2,22,29,18","1,25,23"
671800,"2,22","73,74,25,4,23,2"
732370,"2,1,49,37,9,39,24,22,28,23,44","1,25,4,23,3"
409660,"2,22,28,29","1,25,23"
617480,"2,22,29,13,23,15","23,3,2"
376520,"2,22,29","25,23"
633060,"2,22,29,23","25,23,28"
318970,"2,22,29,23","25,23,3"
604490,"2,22","25,4,23,70"
580170,"2,22,29,18,23,41,42","25,23,28"
633360,"2,22,28,29,23,43","1,25,23"
482300,"2,22,28,29,23,44","25,23,28"
402530,"2,22,29,13",25
527280,"2,22,18",3
316930,"2,1,24,22,29,18,44","1,23"
524640,"2,22,28,29,23,25","1,23"
547410,"2,1,20,49,36,18","29,9,28,18"
687920,"2,22,29","71,72,4,23"
491040,"2,22,28,29,23,25,43","1,25,23"
335620,"2,22,29,30,25","3,2"
464450,"2,1,49,37,9,24,22,28,29,23,25,44",1
396650,"2,23","1,25,23,3,28,18"
609490,"2,22,28,29,23,43","25,23"
580040,"2,1,49,36,47,9,38,48,22,29,23","1,4,23,28,2"
429780,"2,1,49,36,37,27,22,29,23,15,44","23,18"
799070,"2,22,29","4,23"
514310,"2,22,29,18,23,25",4
465780,"2,1,49,36,37,9,38,39,22,28,17,43,44","1,25,4,23,9,28,18"
644390,"2,1,49,36,37,24,27,22,35,15",2
482450,"2,1,49,36,24,22,29,18,23,25,44",1
758370,"2,1,49,36,27,22,29,32","23,2"
331480,"2,22,28,29,13,23,43","25,4,23"
579020,"2,1,49,36,22,28,23,25","28,2"
254480,"2,1,24,22,18,23,44","1,25"
545690,"2,22,29","4,23,28"
236930,"2,22,29,13,23,14,41,42","25,23"
508980,"2,1,49,36,22,29,30,18,17","1,9"
559610,"2,22,29,18","71,4,23"
452570,"2,1,49,37,22,28,29,13,23,25,44","1,25,23,3"
666570,"2,22,29,23,41,42","23,28,2"
791330,"2,22,29,18,23","25,23,3"
529660,"2,22,28,29,23,43","1,25,23"
509250,"2,1,49,36,9,38,22,29,40,23,15,25","1,23,9"
370280,"2,22,29,18,23","25,4,23"
446390,"2,22,28,29,25,43",1
402040,"2,22,28,29,23","25,23"
735280,"2,1,49,36,9,38,22,29,17","28,2"
439340,2,"23,28,2"
613830,"2,22,29,18,23,41,42",3
586200,"2,1,49,36,37,24,22,18,44",1
604240,"2,1,49,36,9,38,27,22,28,15,25","1,23"
597150,"2,1,49,36,9,38,27,22,28,29,30,23,15,25","1,25,23"
718650,"2,1,49,36,9,38,22,30,18,23,17","23,3,28,2"
471010,"2,22,28,29,23","1,25,23,3"
420060,"2,22,28,29,23","25,23"
353330,"2,22,29",23
525360,"2,22,28,23","1,23"
740260,"2,22,29","25,4,23"
464880,2,"23,2"
347670,"2,22,29,18,23","1,23,3,18"
642090,"2,22","4,23,28"
551770,"2,22,28,23","1,25,23"
498330,"2,22,28,23","25,23"
685340,"2,22,28,23,43","1,25,23,3,28,2"
527290,"2,22,18",3
467520,22,"28,2"
552920,"2,1,20,49,36,22,29,18","23,29,9,28,18"
687260,"2,22,29",25
573120,"2,22,29,23","25,23,3,28,2"
365020,"2,28,29","1,25,23"
748490,"2,22,29,18,23,25",3
268990,"2,1,49,36,37,9,38,39,24,27,22,28,29,23,15,25,41,42,43,44","1,23"
320430,"2,1,27,22,35,32","4,2"
676820,"2,22,23,14","25,4,23"
722230,2,"1,25"
466740,"2,22,28","1,25,23"
681280,"2,1,49,36,22,28,29,23,15,25,43","1,9,18"
368430,"2,22,28,29,23,43","25,23"
408280,"2,22,29",25
617700,"2,22,29,15","4,23,28,2"
809140,"2,22,23","23,28,2"
405010,"2,22,29,13","1,25,23"
658570,"2,1,49,36,37,22,18,23,44","9,28,18"
483420,"2,22,29,23","25,4"
284050,"2,22,23",25
614910,"2,22,29,30,23,15,25","4,23"
251110,"2,22,28,29,13,23,17","25,23"
634160,"2,22,28,29,23","4,23,3,28"
810670,"2,22,29,23","25,4,23,3,2"
825630,"2,22,29,18,23,41,42",25
619290,"2,22,29,30","23,28,18,2"
331690,"2,22,28,29,23,43","1,25,23"
562500,"2,1,49,36,9,38,22,29","23,2"
621220,"2,22,28,29,23","25,23,3,28,2"
270110,"2,22,18","1,25,23,3"
513230,"2,22,29","25,23"
590690,"2,1,49,36,27","1,23,9,18"
429720,"2,22","1,25,23"
547360,"2,1,49,36,22,18","1,23,9"
580720,2,28
681390,"2,1,49,36,9,38,22,23,25","1,23,3"
477730,"2,22,29,23,17","23,3,2"
587420,"2,22,29","1,25,4,23,9"
712730,"2,22,23","25,23,28"
836480,"2,22,23","4,28,2"
305960,"2,1","1,23,3,28,70"
412450,"1,49,36,18","1,25,3,70"
508900,"2,22,29","4,23"
632000,"2,22,23","4,23,2"
664180,"2,22,29,30,23,25,17","4,23"
436670,"2,22,29,18,23",3
538070,2,"25,23"
327560,"2,22,28,29,23","1,25,23"
414870,"2,1,49,36,37,9,38,39,24,22,28,23,15,25,43,44","23,28,18"
523650,"2,22,29,23","25,23"
686200,"2,1,9,38,39,24,22,28,29,30,23,15,25,17,43,44","1,4,23,28,2"
483770,"2,22,18,23","1,4,28"
366870,"2,22,28,29,31,23,43","25,23"
673000,"2,22,25","1,23"
814540,"2,22,29","25,23,3"
448850,"2,1,49,36,22,28,13,23,25,43",1
466130,"2,22,29,35,18,23","1,25,23"
468920,"2,1,49,36,22,29,18,23,25,17","4,28,18"
464360,"2,22,28,29,13,30,23","1,25,23,28"
667600,"2,1,9,39,24,22,28,29,23,25,43,44","1,23"
522470,"2,22","25,23,2"
531510,"2,1,49,36,37,9,38,39,24,22,28,29,23,41,42,43,44","1,23"
585900,"2,22,28,29,23,43","25,4,3,28"
568320,"2,22,28,29,30,23,25,17,42","4,23,2"
600370,"2,22,29,14","25,23"
448320,"2,1,9,38,39,24,22,28,29,23,25,44","1,25,23"
487000,"2,1,9,38,39,24,27,22,28,29,23,15,25,43,44","1,25,23,3"
629690,"2,22,28,29,13,23,15,43","1,25,23,3"
591630,"2,22,28,29,13,23,25,43","1,25,23,3"
588190,"2,1,49,36,37,9,38,35,44",28
577690,"2,22,28,29,13,23,25,43","1,25,23"
450860,"2,22,29,23","1,25,4,23,28"
457680,"2,22,29,18,25","25,23"
774811,"2,22,28,29","1,25,23"
495990,"2,22,29,18,23","25,4,23"
577670,"2,1,22,18","23,28"
364390,"2,22,29,23","25,23"
638850,"2,22,29,23","1,25,23,28"
668210,"2,22,18","1,25,4,23"
643880,"2,1,9,39,24,22,28,29,23,25,43,44","1,25,4,23"
552620,"2,22,28,29,30,23,43",3
722730,"2,22,23,15","25,23,3,2,70"
532190,"2,1,49,37,9,39,24,22,28,29,25,41,42,43,44","23,18"
486690,"2,22,29,23,15","25,23,3,2,70"
325120,"2,22,29,18,23","25,4,23"
644290,"1,49,36,9,38","1,25"
402880,"2,22,28,29","1,25,23,3"
405290,"2,1,49,36,37,9,38,39,24,27,22,28,29,23,15,25,43,44","1,25,23,3"
626610,"2,1,49,36,37,24,22,28,29,23,25,44","9,28"
844930,"2,22,29,23","25,4,23,3"
505630,"2,22,29,18,23,25","1,23"
618720,"2,22,29","25,4,23"
706020,"2,1,9,38,22,28,23,43",3
460430,"2,22,29,13,23","25,23,3"
465200,"2,1,9,38,39,24,22,28,29,30,23,25,43,44","1,25,23,3"
741670,"2,22,30,18,23,17","1,23,28,2"
481110,"2,22,28,29,23,43","25,23"
312980,"2,22,29","28,2"
585840,"2,22,29,18","25,23"
528610,"2,1,49,37,24,22,18,44",1
571880,"2,22,29,30,18,23","25,23,3,28"
603960,"2,22,28,29","1,23"
636100,"2,1,9,39,24,22,28,29,23,25,43,44","1,23,3"
793350,"2,22,28,29,23,25,41,42,43","1,4,23"
659190,"2,22,29,23,15","25,4,23,28,2"
503620,"2,22,28,29","1,23,3"
654900,"2,22,29,18","4,23"
485040,"2,22,29,23","25,28"
368390,"2,22,29,18,23","25,4,23"
587260,"2,22,28,29,23,43",3
574310,"2,22,29,18","25,23"
450540,"2,31","1,23,28,70"
301840,"2,22,28,29,23,25","1,23"
285380,"2,30","4,28,2"
435300,"2,22,23","25,4,23"
466110,"2,1,24,22,28,25,44","1,4,23"
674520,"2,1,49,37,9,39,24,22,28,29,23,41,42,43,44","1,23"
623080,"2,22,29,23","25,4,28"
469790,"2,22,28,43","1,25,4,23"
646500,"2,22,29,23","23,28,2"
408520,"2,22,29","25,4,23"
518060,"2,1,49,36,37,27,22,28,23,32,43,44","4,23,28,18,2"
455820,"2,22,28,29,23,43","1,25,23,3"
406550,"2,22,29,23,41,42",25
440420,"2,22,28,29,13,23","25,4"
447120,"2,22,28,29,23","25,23,3"
724740,"2,22,23","4,23,2"
680980,"2,22,29,13","25,23"
579180,"2,1,9,39,24,22,28,29,23,43,44","1,3"
695630,"2,22,28,29,23",3
747340,"2,22,28,29","1,25,23"
691450,"2,22,29,23","25,4,23"
620190,"2,22,29,30,23,15","1,4,23,28,2,70"
682130,22,"57,59"
718560,"2,1,49,36,37,22,29,44",2
632070,"2,22,28","25,23"
303310,"2,22,29,18,23",25
589530,"2,22,28,29,23",25
574560,"2,22,29,23","25,4,23"
546080,"2,22,28,29,23","25,4,23,3"
629220,"2,22,28,29,23,43","25,23,28"
473460,"2,22,29,18,23","25,4,23"
359100,"2,22,28,29,31,23,43","1,25,23"
461840,"2,22,29","4,23"
616250,"2,28,23","1,25,23,3,28"
658260,"2,22,18",3
588730,"2,22,28,29,23","25,4,23"
611160,"2,1,9,38,22,29,23","1,25,3"
520940,"2,1,49,36,37,24,22,28,25,44","9,28,18"
603530,"2,1,9,39,24,22,28,29,23,44","1,23"
733070,"2,22,23","4,23,2"
701930,"2,22,29,18,23","25,4,23,28"
396710,"2,1,9,39,24,22,28,29,41,42,43,44","1,25,23,3"
661790,"2,22,28,29,23","1,25,23"
822930,"2,22,29,18","71,72,4,23"
759940,"2,22,29",23
624270,"2,22,28,29","25,23"
794800,"2,1,49,36,27,22,29,35","4,2"
598060,"2,22,29,18,23","1,23,3"
470310,"2,22,29,18,23","4,23,3,2"
629840,"2,22,28,29,23","25,23"
824720,"2,1,9,38,22,28","28,70"
743640,"2,22","1,25,4,23,28,2"
630060,"2,22,29,13,23,14","25,23,3"
503400,"2,22,29","25,23"
702120,"2,1,49,36,37,22,28,25,44",1
542050,"2,22,28,29,23,43","1,25,4,23"
670160,"2,22,29,30,23,15,17","1,25,23,70"
710470,"2,1,49,36,9,38,39,22,28,23,43,44","1,25,3"
366240,"2,1,49,36,37,24,22,28,23,25,44",1
389140,"2,1,49,37,24,22,28,29,35,23,25,43,44","1,4,23,9,18"
369440,"2,22,28,29,23,43","1,25,3"
673130,"2,22,28,29,23","1,25,23"
766280,"2,22,29","4,23"
846470,"2,22,40","1,25,4"
742250,"2,22,29,25","25,23"
732810,"2,1,49,37,24,22,28,23,25,44","4,23,9"
334940,"2,22,28,29,23,43","25,23"
312200,"2,22,28,29,23,25,43","1,25,23,3"
774351,"2,22","4,23,28,2"
785260,"2,1,49,36,37,24,22,29,23,44",9
846110,"2,22,28,29","1,25,23,3"
773670,"2,22,29","4,23"
722180,"2,1,9,38,27,22,29,23,15,25","1,25,23,28"
565120,"2,22,28,29,43","25,23"
618140,"2,1,49,37,24,22,29,18,23,25,44","4,23,9"
760890,"2,22,29","23,3"
802890,"2,22,29,23","25,4"
858760,"2,22,23","4,23"
841770,"2,22,28,29,43",3
330020,"2,1,9,38,39,24,22,28,23,15,41,42,43,44","1,25,23,3"
336140,"2,22,29,13,23,14","25,23,3"
336140,"2,22,29,13,23,14","25,23,3"
813630,"2,22,28,29,23","1,25,23"
541200,"2,22,13","1,25,23,70"
820730,"2,22,29","25,4,28"
406350,"2,28,31,15","1,4,37,9,28,18,2"
800270,"2,1,49,36,37,22,32,44",2
852110,"2,22","4,23"
762650,"2,22,29","23,28,2"
737800,"2,1,22,28,30,23,25,43","9,28,18"
718590,"2,22,28,29","1,25,4,23,3"
312670,"2,1,9,38,22,28,29,23,43","1,25"
728880,"2,1,49,36,37,9,38,39,24,22,28,29,23,41,42,43,44","1,4,23"
535930,"2,22,29,30,23,42","23,28"
509580,"2,1,9,38,27,22,29,35","25,3,2"
760060,"2,22,28,29,23,42,43","3,2"
412020,"2,22,28,29,23,41,42,43",1
437630,"2,22,28,29,23,43","25,23"
574090,"2,1,9,38,22,28,29,23","1,23"
726590,"2,1,49,36,37,9,38,39,22,28,35,43,44",18
859340,"2,1,49,36,9,38,22,23","25,23"
559100,"2,1,49,36,22,29,18,23","1,3,2"
712190,"2,22,28,23,43","1,25,23,3,28"
670350,"2,22,28,23",25
492720,"2,1,49,36,9,38,22,28,29,30,23,43","28,2"
764790,"2,22,28,29,23,43","1,23"
530320,"2,22,28,29,43","25,23"
702670,"2,22,28,29,23,43","25,4,23"
485460,"2,22,28,29,13,23,15,25,42,43","23,3,2"
803600,"2,22,18,23","3,2"
585450,"2,22,28,29,23,43","1,3"
809890,"2,22,28,29,43","25,3"
758330,"2,22,18,23","1,25,3"
461870,"2,1,9,38,22,28",28
704270,"2,1,9,38,22,18,23","1,25"
804490,"2,1,49,36","1,23,28,18"
250680,"2,22,28,23,15","1,25,23,3"
546430,"2,22,28,29,23","25,23,3,2"
744060,"2,22,28,29,23,25",1
440310,"2,1,9,39,24,22,30,18,23,17,44","1,23,70"
641320,"2,22,29,18,23",28
648580,"2,22,28,29,23",25
790820,"2,22,28,29,23,43","1,3,2"
591460,"2,22,29,30,23","28,2"
748300,"2,22,29","23,28"
845880,"2,22,29,18,23","1,3"
738520,"2,22,28,29,23,42","1,25,23,28"
834740,"2,22,29,23,25","4,23,2"
719750,"2,22,29,23,25","1,25,23"
510420,"2,22,29,23",23
805940,"2,1,49,36,22,29","1,25,23,29,3"
880510,"2,22,29,23","25,4,3,2"
553310,"2,1,49,36,37,24,22,28,23,41,42,43,44","1,23,18"
722960,"2,1,49,36,9,38,22,29,23","1,25,23,29,28"
866800,"2,22,28",25
698540,"2,22,29,30,23","23,2"
780350,"2,1,49,37,9,39,24,22,28,23,41,42,43,44","1,25,23"
792100,"2,22,29,23","23,28"
658850,"2,22,29,23","23,28,2"
534550,"2,1,9,39,22,28,29,23,25,41,42,43,44","1,25,23"
858810,"2,22,30","23,28,2"
844850,"2,22,28,23","1,25,4,23,3"
785790,"2,1,49,37,24,22,28,23,25,17,43,44","1,25,4,23,28"
882790,"2,22,29,18,23",3
632470,"2,22,28,29,23,42",3
606500,"2,22","1,25,23,3"
